Carrier,Flight,Arrival?,Departure,Arrival,ETMS,Scheduled,Actual,Actual,Taxi,Scheduled,Actual,Actual,Taxi,Gate,Taxi,Airport,Taxi,Gate
Code,Number,,Airport,Airport,Equipment,Gate Out,Gate Out,Wheels,Out,Gate In,Gate In,Wheels,In,Departure,Out,Departure,In,Arrival
,,,,,Code,,,Off,,,,On,,Delay*,Delay,Delay*,Delay,Delay*
AAL,1225,0,DEN,DFW,MD83,5:50,5:47,6:03,16,8:45,8:40,8:29,11,0,3.7,1,4.8,0
AAL,1274,0,DEN,DFW,MD82,7:25,7:19,7:32,13,10:20,10:06,9:56,10,0,0.7,0,3.8,0
AAL,1996,0,DEN,DFW,B738,9:15,9:08,9:22,14,12:05,12:00,11:44,16,0,1.7,0,9.8,0
AAL,1484,0,DEN,DFW,MD82,10:30,10:30,10:47,17,13:25,13:23,13:08,15,0,4.7,5,8.8,0
AAL,806,0,DEN,DFW,MD83,11:55,12:37,12:47,10,14:50,15:24,15:12,12,42,0,40,5.8,34
AAL,2034,0,DEN,DFW,MD82,13:10,13:18,13:31,13,16:05,16:04,15:56,8,8,0.7,9,1.8,0
AAL,1912,0,DEN,DFW,MD82,14:55,14:51,15:08,17,17:55,17:38,17:32,6,0,4.7,1,0,0
AAL,322,0,DEN,DFW,MD83,16:10,16:05,16:20,15,19:10,18:52,18:44,8,0,2.7,0,1.8,0
AAL,1344,0,DEN,DFW,MD82,17:30,17:27,17:40,13,20:30,20:14,19:59,15,0,0.7,0,8.8,0
AAL,1117,0,DEN,DFW,MD82,19:00,18:59,19:16,17,22:00,21:45,21:38,7,0,4.7,4,0.8,0
AAL,931,0,DEN,MIA,B752,7:50,8:15,8:29,14,13:40,13:55,13:48,7,25,1.7,27,1,15
AAL,1488,0,DEN,MIA,B738,23:50,23:48,23:57,9,5:30,5:17,5:12,5,0,0,0,0,0
AAL,1210,0,DEN,ORD,MD82,6:10,8:26,8:44,18,9:35,11:50,11:42,8,136,5.7,142,1.6,135
AAL,490,0,DEN,ORD,MD83,9:45,9:59,10:15,16,13:00,13:16,13:03,13,14,3.7,18,6.6,16
AAL,706,0,DEN,ORD,MD82,16:35,17:17,17:38,21,20:05,20:40,20:31,9,42,8.7,51,2.6,35
AAL,393,1,DFW,DEN,B738,7:25,7:16,7:31,15,8:20,8:12,8:03,9,0,4.1,0,2.3,0
AAL,2065,1,DFW,DEN,MD82,8:45,8:44,8:58,14,9:40,9:45,9:37,8,0,3.1,2,1.3,5
AAL,1241,1,DFW,DEN,MD83,10:10,10:41,10:56,15,11:05,11:46,11:37,9,31,4.1,35,2.3,41
AAL,1847,1,DFW,DEN,MD82,11:25,11:26,11:41,15,12:20,12:29,12:20,9,1,4.1,5,2.3,9
AAL,1223,1,DFW,DEN,MD82,13:00,12:59,13:14,15,13:55,13:58,13:50,8,0,4.1,3,1.3,3
AAL,1031,1,DFW,DEN,MD83,14:20,14:18,14:30,12,15:20,15:09,15:05,4,0,1.1,0,0,0
AAL,1583,1,DFW,DEN,MD82,15:40,15:42,15:51,9,16:40,16:29,16:22,7,2,0,0,0.3,0
AAL,1651,1,DFW,DEN,MD82,17:10,17:10,17:26,16,18:10,18:17,18:10,7,0,5.1,5,0.3,7
AAL,1013,1,DFW,DEN,MD82,19:25,20:51,21:10,19,20:25,21:59,21:46,13,86,8.1,94,6.3,94
AAL,1069,1,DFW,DEN,MD83,22:35,0:07,0:20,13,23:30,1:02,0:53,9,92,2.1,94,2.3,92
AAL,501,1,MIA,DEN,B752,17:20,17:17,17:28,11,19:35,19:28,19:18,10,0,0,0,3.3,0
AAL,1293,1,MIA,DEN,B738,20:40,20:38,20:54,16,22:45,23:00,22:46,14,0,2.7,1,7.3,15
AAL,827,1,ORD,DEN,MD83,7:20,7:29,7:41,12,8:50,9:19,9:07,12,9,0.8,10,5.3,29
AAL,789,1,ORD,DEN,MD82,14:10,14:53,15:05,12,15:45,16:27,16:19,8,43,0.8,44,1.3,42
AAL,2073,1,ORD,DEN,MD82,20:55,22:44,22:56,12,22:30,0:04,23:57,7,109,0.8,110,0.3,94
ASA,148,1,ANC,DEN,B738,23:55,23:49,0:02,13,6:57,6:38,6:30,8,0,2.7,0,1.7,0
ASA,147,0,DEN,ANC,B738,22:05,21:59,22:13,14,1:34,1:27,1:23,4,0,1.1,0,0.3,0
ASA,685,0,DEN,SEA,B738,8:10,8:08,8:19,11,10:00,9:52,9:46,6,0,0,0,0.3,0
ASA,679,0,DEN,SEA,B739,12:00,11:59,12:10,11,13:48,13:40,13:32,8,0,0,0,2.3,0
ASA,673,0,DEN,SEA,B738,17:15,17:11,17:24,13,19:05,18:50,18:46,4,0,0.1,0,0,0
ASA,677,0,DEN,SEA,B739,20:15,20:13,20:24,11,22:05,21:53,21:45,8,0,0,0,2.3,0
ASA,676,1,SEA,DEN,B739,7:35,7:37,7:55,18,11:10,11:07,11:00,7,2,5.9,8,0.7,0
ASA,672,1,SEA,DEN,B738,12:45,12:42,12:57,15,16:22,16:28,16:21,7,0,2.9,0,0.7,6
ASA,674,1,SEA,DEN,B739,15:50,15:46,15:58,12,19:24,19:27,19:22,5,0,0,0,0,3
ASA,678,1,SEA,DEN,B738,17:40,17:38,17:49,11,21:13,21:04,20:59,5,0,0,0,0,0
CCI,594,1,CVG,DEN,B722,4:59,5:12,5:24,12,5:52,5:49,5:41,8,13,0,13,1.8,0
CCI,194,0,DEN,CVG,B722,21:53,21:10,21:20,10,2:35,1:36,1:27,9,0,0,0,4.3,0
CCI,594,0,DEN,SLC,B722,6:32,6:19,6:29,10,8:05,7:40,7:33,7,0,0,0,2.1,0
CCI,194,1,SLC,DEN,B722,19:41,19:22,19:35,13,21:13,20:40,20:32,8,0,0,0,1.8,0
DAL,1816,1,ATL,DEN,B752,8:15,8:14,8:31,17,9:25,9:20,9:12,8,0,3,2,0.8,0
DAL,1316,1,ATL,DEN,B752,9:40,9:37,9:53,16,10:55,10:47,10:31,16,0,2,0,8.8,0
DAL,1916,1,ATL,DEN,MD90,11:00,10:59,11:36,37,12:20,12:31,12:22,9,0,23,22,1.8,11
DAL,1017,1,ATL,DEN,B738,12:15,12:15,12:33,18,13:26,13:25,13:18,7,0,4,4,0,0
DAL,1817,1,ATL,DEN,B738,13:47,13:48,14:05,17,15:00,14:58,14:51,7,1,3,4,0,0
DAL,2016,1,ATL,DEN,MD90,15:00,16:13,16:34,21,16:20,17:39,17:29,10,73,7,80,2.8,79
DAL,2266,1,ATL,DEN,B752,17:47,17:48,18:22,34,19:15,19:25,19:14,11,1,20,21,3.8,10
DAL,1660,1,ATL,DEN,MD90,19:30,20:26,20:41,15,20:55,21:29,21:17,12,56,1,57,4.8,34
DAL,1459,1,CVG,DEN,B738,9:00,8:57,9:09,12,9:52,9:51,9:43,8,0,0.2,0,0.8,0
DAL,1516,0,DEN,ATL,B738,6:15,6:17,6:34,17,11:09,11:04,10:56,8,2,3.3,5,0.6,0
DAL,8771,0,DEN,ATL,B738,7:00,7:15,7:26,11,11:53,11:54,11:45,9,15,0,12,1.6,2
DAL,1616,0,DEN,ATL,MD90,7:45,7:44,8:01,17,12:40,12:35,12:27,8,0,3.3,2,0.6,0
DAL,1716,0,DEN,ATL,B752,9:00,9:01,9:20,19,13:55,13:53,13:40,13,1,5.3,6,5.6,0
DAL,114,0,DEN,ATL,B752,10:15,10:12,10:28,16,15:14,15:02,14:54,8,0,2.3,0,0.6,0
DAL,1316,0,DEN,ATL,B752,11:45,11:39,11:58,19,16:41,16:32,16:20,12,0,5.3,0,4.6,0
DAL,1916,0,DEN,ATL,MD90,13:15,13:16,13:38,22,18:14,18:12,18:01,11,1,8.3,9,3.6,0
DAL,710,0,DEN,ATL,MD90,14:30,15:05,15:27,22,19:34,20:04,19:50,14,35,8.3,43,6.6,30
DAL,2016,0,DEN,ATL,MD90,17:00,18:32,18:53,21,22:02,23:29,23:23,6,92,7.3,99,0,87
DAL,1956,0,DEN,CVG,A320,6:20,6:15,6:28,13,10:58,10:45,10:41,4,0,0,0,0,0
DAL,1610,0,DEN,DTW,B752,6:35,6:34,6:51,17,11:21,11:29,11:20,9,0,3.3,2,1,8
DAL,1511,0,DEN,DTW,A320,11:50,11:45,11:57,12,16:36,16:15,16:06,9,0,0,0,1,0
DAL,1410,0,DEN,DTW,MD90,16:15,16:33,16:48,15,21:05,21:05,20:59,6,18,1.3,19,0,0
DAL,210,0,DEN,JFK,B738,12:00,11:54,12:04,10,17:57,17:38,17:31,7,0,0,0,0,0
DAL,928,0,DEN,LGA,B738,10:42,10:38,10:51,13,16:29,16:36,16:28,8,0,0,0,0.3,7
DAL,813,0,DEN,LGA,B738,15:15,15:14,15:28,14,21:00,20:49,20:28,21,0,0.3,0,13.3,0
DAL,986,0,DEN,MSP,B738,6:00,6:15,6:27,12,8:54,8:58,8:54,4,15,0,13,0,4
DAL,1218,0,DEN,MSP,MD90,7:35,7:30,7:50,20,10:30,10:27,10:20,7,0,6.3,1,0,0
DAL,1608,0,DEN,MSP,B738,9:10,9:08,9:17,9,12:07,11:43,11:39,4,0,0,0,0,0
DAL,220,0,DEN,MSP,MD90,11:30,11:25,11:42,17,14:30,14:18,14:12,6,0,3.3,0,0,0
DAL,2108,0,DEN,MSP,A320,13:20,13:30,13:40,10,16:16,16:11,16:04,7,10,0,6,0,0
DAL,1726,0,DEN,MSP,B738,15:44,15:56,16:09,13,18:40,18:41,18:35,6,12,0,11,0,1
DAL,2008,0,DEN,MSP,B752,17:35,17:32,17:51,19,20:30,20:27,20:20,7,0,5.3,2,0,0
DAL,1511,1,DTW,DEN,A320,8:55,8:51,9:19,28,10:06,10:17,10:10,7,0,10.1,6,0,11
DAL,2429,1,DTW,DEN,MD90,12:20,12:17,12:50,33,13:31,13:56,13:46,10,0,15.1,12,2.8,25
DAL,1523,1,DTW,DEN,B752,17:56,19:07,19:36,29,19:05,20:28,20:19,9,71,11.1,82,1.8,83
DAL,920,1,JFK,DEN,B738,15:59,15:58,16:33,35,18:38,18:29,18:23,6,0,14.5,14,0,0
DAL,914,1,LGA,DEN,B738,8:15,8:13,8:59,46,10:37,10:54,10:45,9,0,30.4,28,1.8,17
DAL,884,1,LGA,DEN,B738,18:00,18:55,19:41,46,20:26,21:40,21:25,15,55,30.4,85,7.8,74
DAL,1608,1,MSP,DEN,B738,7:20,7:17,7:25,8,8:26,8:09,8:02,7,0,0,0,0,0
DAL,1708,1,MSP,DEN,MD90,9:40,9:36,9:48,12,10:50,10:35,10:27,8,0,0,0,0.8,0
DAL,2108,1,MSP,DEN,A320,11:30,11:33,11:50,17,12:35,12:33,12:24,9,3,3.9,7,1.8,0
DAL,1609,1,MSP,DEN,MD90,14:30,14:36,14:53,17,15:35,15:42,15:33,9,6,3.9,10,1.8,7
DAL,885,1,MSP,DEN,B752,15:35,15:28,15:45,17,16:43,16:41,16:27,14,0,3.9,0,6.8,0
DAL,2009,1,MSP,DEN,MD90,17:35,17:41,18:05,24,18:44,19:05,18:56,9,6,10.9,17,1.8,21
DAL,2109,1,MSP,DEN,A320,22:00,21:56,22:15,19,23:05,22:59,22:50,9,0,5.9,2,1.8,0
FFT,889,1,ANC,DEN,A319,22:40,22:39,22:49,10,5:41,5:40,5:33,7,0,0,0,0.3,0
FFT,425,1,ATL,DEN,A319,6:15,6:09,6:23,14,7:20,7:24,7:17,7,0,2.3,0,0.3,4
FFT,421,1,ATL,DEN,A319,15:58,15:59,16:12,13,17:11,17:20,17:13,7,1,1.3,2,0.3,9
FFT,427,1,ATL,DEN,A319,18:55,18:48,19:02,14,20:08,19:57,19:51,6,0,2.3,0,0,0
FFT,211,1,AUS,DEN,A319,6:15,6:10,6:19,9,7:21,7:21,7:12,9,0,0,0,2.3,0
FFT,793,1,AUS,DEN,A319,14:35,14:47,14:59,12,15:40,15:55,15:49,6,12,2.6,15,0,15
FFT,417,1,BBG,DEN,,9:55,9:51,9:58,7,15:49,15:38,15:34,4,0,0,0,0,0
FFT,632,1,BLI,DEN,A319,10:51,11:25,11:35,10,14:25,14:54,14:48,6,34,0,33,0,29
FFT,239,1,BNA,DEN,A319,9:08,8:58,9:09,11,10:50,10:45,10:40,5,0,0,0,0,0
FFT,231,1,BNA,DEN,A319,15:24,1:44,1:54,10,17:05,3:26,3:19,7,620,0,619,0.3,621
FFT,270,1,BZN,DEN,A319,10:35,10:42,10:52,10,12:09,12:04,11:57,7,7,0,6,0.3,0
FFT,496,1,CAK,DEN,A320,6:15,6:08,6:16,8,7:23,7:29,7:22,7,0,0,0,0.3,6
FFT,494,1,CAK,DEN,A320,16:15,16:25,16:34,9,17:22,17:37,17:31,6,10,0,10,0,15
FFT,765,1,DAY,DEN,A319,6:30,6:26,6:35,9,7:21,7:16,7:09,7,0,0.4,0,0.3,0
FFT,198,1,DAY,DEN,A320,16:10,16:18,16:26,8,17:02,17:28,17:22,6,8,0,7,0,26
FFT,721,1,DCA,DEN,A320,8:59,8:54,9:07,13,10:50,10:37,10:29,8,0,1.9,0,1.3,0
FFT,727,1,DCA,DEN,A320,13:34,13:38,13:46,8,15:15,15:33,15:15,18,4,0,1,11.3,18
FFT,725,1,DCA,DEN,A320,18:15,18:28,18:57,29,19:58,20:42,20:31,11,13,17.9,31,4.3,44
FFT,888,0,DEN,ANC,A319,18:10,18:42,18:51,9,21:43,22:17,22:10,7,32,0,31,2.1,34
FFT,420,0,DEN,ATL,A319,10:19,10:22,10:43,21,15:13,15:20,15:12,8,3,10.5,14,1.3,7
FFT,428,0,DEN,ATL,A319,13:20,13:14,13:28,14,18:14,18:01,17:53,8,0,3.5,0,1.3,0
FFT,426,0,DEN,ATL,A320,19:05,20:43,20:53,10,23:55,1:37,1:30,7,98,0,98,0.3,102
FFT,212,0,DEN,AUS,A319,10:50,11:13,11:24,11,13:52,14:09,13:59,10,23,0.5,24,4.8,17
FFT,214,0,DEN,AUS,A319,19:25,19:53,20:07,14,22:29,22:50,22:45,5,28,3.5,32,0,21
FFT,633,0,DEN,BLI,A319,8:10,8:48,9:03,15,10:06,10:38,10:33,5,38,4.5,43,0,32
FFT,232,0,DEN,BNA,A319,11:15,13:15,13:25,10,14:44,16:38,16:30,8,120,0,120,0.4,114
FFT,230,0,DEN,BNA,A319,19:10,19:25,19:37,12,22:39,22:56,22:51,5,15,1.5,17,0,17
FFT,271,0,DEN,BZN,A319,8:20,8:22,8:37,15,9:51,10:02,9:57,5,2,4.5,7,0.8,11
FFT,493,0,DEN,CAK,A320,10:45,10:41,11:01,20,15:30,15:37,15:33,4,0,9.5,6,0,7
FFT,491,0,DEN,CAK,A320,19:05,19:27,19:41,14,23:50,0:00,23:56,4,22,3.5,26,0,10
FFT,195,0,DEN,DAY,A320,10:50,10:45,11:03,18,15:23,15:19,15:14,5,0,7.5,3,0,0
FFT,197,0,DEN,DAY,A319,19:00,19:08,19:19,11,23:31,23:37,23:31,6,8,0.5,9,0.8,6
FFT,728,0,DEN,DCA,A320,7:24,7:24,7:34,10,12:41,12:46,12:40,6,0,0,0,0.5,5
FFT,724,0,DEN,DCA,A320,11:45,11:42,12:01,19,17:00,17:22,17:16,6,0,8.5,6,0.5,22
FFT,720,0,DEN,DCA,A320,16:40,16:34,16:46,12,21:55,21:47,21:41,6,0,1.5,0,0.5,0
FFT,128,0,DEN,DFW,A319,7:00,7:53,8:01,8,9:47,10:43,10:39,4,53,0,51,0,56
FFT,130,0,DEN,DFW,A319,10:35,10:26,10:50,24,13:24,13:35,13:31,4,0,13.5,5,0,11
FFT,126,0,DEN,DFW,A319,13:00,12:58,13:16,18,15:49,15:48,15:37,11,0,7.5,6,4.6,0
FFT,138,0,DEN,DFW,A319,15:55,16:43,16:54,11,18:45,19:24,19:16,8,48,0.5,49,1.6,39
FFT,134,0,DEN,DFW,A320,18:00,18:23,18:33,10,20:50,21:02,20:56,6,23,0,23,0,12
FFT,623,0,DEN,DTW,A318,10:45,10:40,10:58,18,15:27,15:30,15:22,8,0,7.5,3,1.8,3
FFT,625,0,DEN,DTW,A319,13:35,15:04,15:13,9,18:17,19:35,19:26,9,89,0,88,2.8,78
FFT,629,0,DEN,DTW,A319,19:05,21:24,21:35,11,23:45,1:53,1:42,11,139,0.5,140,4.8,128
FFT,384,0,DEN,FLL,A319,7:00,8:40,8:49,9,12:50,14:18,14:14,4,100,0,99,0,88
FFT,309,0,DEN,GEG,A319,8:25,8:23,8:35,12,9:40,9:39,9:34,5,0,1.5,0,0,0
FFT,307,0,DEN,GEG,A319,12:24,13:27,13:35,8,13:40,14:43,14:38,5,63,0,61,0,63
FFT,305,0,DEN,GEG,A319,21:25,21:36,21:44,8,22:34,22:44,22:39,5,11,0,9,0,10
FFT,258,0,DEN,GRR,A319,19:25,19:31,19:43,12,23:48,23:47,23:43,4,6,1.5,8,0.1,0
FFT,618,0,DEN,IND,A319,11:38,11:41,11:58,17,15:59,16:12,16:08,4,3,6.5,10,0,13
FFT,608,0,DEN,IND,A319,15:00,15:24,15:35,11,19:17,19:42,19:35,7,24,0.5,25,2.1,25
FFT,612,0,DEN,IND,A319,19:05,19:18,19:30,12,23:26,23:30,23:24,6,13,1.5,15,1.1,4
FFT,150,0,DEN,JAC,A319,12:15,12:43,12:52,9,13:36,14:11,14:07,4,28,0,27,0.8,35
FFT,765,0,DEN,LAS,A319,8:10,8:11,8:25,14,9:00,9:02,8:52,10,1,3.5,5,3.2,2
FFT,763,0,DEN,LAS,A319,9:50,10:14,10:31,17,10:40,11:09,10:58,11,24,6.5,31,4.2,29
FFT,777,0,DEN,LAS,A319,13:57,14:01,14:10,9,14:50,14:49,14:41,8,4,0,3,1.2,0
FFT,767,0,DEN,LAS,A319,16:25,17:09,17:30,21,17:18,18:06,17:55,11,44,10.5,55,4.2,48
FFT,773,0,DEN,LAS,A319,18:25,19:17,19:28,11,19:16,20:05,19:56,9,52,0.5,53,2.2,49
FFT,769,0,DEN,LAS,A318,21:30,21:47,21:56,9,22:20,22:34,22:24,10,17,0,16,3.2,14
FFT,403,0,DEN,LAX,A319,9:00,9:19,9:32,13,10:20,10:41,10:29,12,19,2.5,22,5.6,21
FFT,413,0,DEN,LAX,A319,13:00,14:23,14:39,16,14:20,15:46,15:34,12,83,5.5,89,5.6,86
FFT,417,0,DEN,LAX,A319,16:30,16:37,17:05,28,17:48,18:10,18:05,5,7,17.5,25,0,22
FFT,419,0,DEN,LAX,A319,21:25,22:02,22:15,13,22:46,23:30,23:13,17,37,2.5,40,10.6,44
FFT,506,0,DEN,LGA,A320,7:00,7:08,7:18,10,12:40,12:48,12:39,9,8,0,8,0,8
FFT,510,0,DEN,LGA,A320,10:50,12:18,12:30,12,16:30,18:08,17:56,12,88,1.5,90,2.6,98
FFT,516,0,DEN,LGA,A320,15:10,15:19,15:31,12,20:50,20:43,20:32,11,9,1.5,11,1.6,0
FFT,508,0,DEN,LGA,A319,17:55,17:59,18:13,14,23:39,23:36,23:23,13,4,3.5,8,3.6,0
FFT,596,0,DEN,LIT,A319,15:10,15:46,15:57,11,18:07,18:34,18:29,5,36,0.5,37,1,27
FFT,827,0,DEN,MCI,A319,13:15,13:14,13:24,10,15:46,15:43,15:34,9,0,0,0,4.5,0
FFT,817,0,DEN,MCI,A320,19:20,19:34,19:46,12,21:52,22:04,21:59,5,14,1.5,16,0.5,12
FFT,829,0,DEN,MCI,A319,17:44,20:44,20:52,8,20:14,23:06,23:02,4,180,0,178,0,172
FFT,674,0,DEN,MCO,A320,10:40,11:36,11:47,11,16:13,17:24,17:16,8,56,0.5,57,2.4,71
FFT,672,0,DEN,MCO,A319,16:40,18:35,19:03,28,22:13,0:11,0:05,6,115,17.5,133,0.4,118
FFT,830,0,DEN,MDT,A319,10:35,10:36,10:56,20,15:50,16:00,15:54,6,1,9.5,11,2.3,10
FFT,533,0,DEN,MDW,A318,6:05,6:02,6:13,11,9:21,9:29,9:19,10,0,0.5,0,4.3,8
FFT,535,0,DEN,MDW,A318,8:20,8:51,9:02,11,11:36,12:09,12:02,7,31,0.5,32,1.3,33
FFT,531,0,DEN,MDW,A319,11:50,12:29,12:41,12,15:06,15:40,15:36,4,39,1.5,41,0,34
FFT,539,0,DEN,MDW,A318,15:05,15:10,15:22,12,18:19,18:27,18:22,5,5,1.5,7,0,8
FFT,541,0,DEN,MDW,A318,18:59,19:29,19:40,11,22:15,22:39,22:32,7,30,0.5,31,1.3,24
FFT,370,0,DEN,MKE,A319,10:35,10:49,11:02,13,13:44,13:52,13:46,6,14,2.5,17,0.3,8
FFT,374,0,DEN,MKE,A319,15:05,15:33,15:47,14,18:14,18:34,18:29,5,28,3.5,32,0,20
FFT,372,0,DEN,MKE,A319,18:00,18:45,18:59,14,21:08,21:50,21:44,6,45,3.5,49,0.3,42
FFT,376,0,DEN,MKE,A319,19:55,21:08,21:18,10,23:06,0:09,0:04,5,73,0,73,0,63
FFT,630,0,DEN,MSN,A319,19:15,20:22,20:33,11,22:16,23:17,23:14,3,67,0.5,68,0,61
FFT,110,0,DEN,MSP,A319,7:20,7:14,7:25,11,10:10,10:02,9:54,8,0,0.5,0,2.5,0
FFT,106,0,DEN,MSP,A319,10:19,10:29,10:44,15,13:10,13:19,13:15,4,10,4.5,15,0,9
FFT,102,0,DEN,MSP,A319,13:10,13:06,13:21,15,16:01,15:58,15:50,8,0,4.5,1,2.5,0
FFT,100,0,DEN,MSP,A319,15:35,15:48,15:58,10,18:27,18:40,18:29,11,13,0,13,5.5,13
FFT,108,0,DEN,MSP,A320,19:35,22:22,22:29,7,22:25,0:54,0:50,4,167,0,164,0,149
FFT,181,0,DEN,OKC,A319,15:10,15:26,15:37,11,17:33,17:47,17:40,7,16,0.5,17,3,14
FFT,791,0,DEN,PDX,A320,8:25,8:31,8:48,17,9:59,10:11,10:06,5,6,6.5,13,0.7,12
FFT,795,0,DEN,PDX,A319,12:45,12:51,13:00,9,14:20,14:23,14:18,5,6,0,5,0.7,3
FFT,793,0,DEN,PDX,A319,16:30,16:57,17:08,11,18:05,18:34,18:26,8,27,0.5,28,3.7,29
FFT,799,0,DEN,PDX,A320,18:15,18:28,18:40,12,19:49,19:56,19:52,4,13,1.5,15,0,7
FFT,797,0,DEN,PDX,A320,21:15,21:11,21:20,9,22:47,22:32,22:28,4,0,0,0,0,0
FFT,350,0,DEN,PHF,A319,11:20,12:14,12:25,11,16:44,17:37,17:30,7,54,0.5,55,2.5,53
FFT,446,0,DEN,PHL,A320,15:15,15:15,15:25,10,20:44,20:36,20:31,5,0,0,0,0.2,0
FFT,851,0,DEN,PHX,A319,8:05,8:02,8:16,14,8:53,8:51,8:47,4,0,3.5,1,0,0
FFT,857,0,DEN,PHX,A319,14:09,14:04,14:13,9,14:55,14:45,14:40,5,0,0,0,0.2,0
FFT,863,0,DEN,PHX,A319,16:35,16:36,16:52,16,17:21,17:27,17:23,4,1,5.5,7,0,6
FFT,861,0,DEN,PHX,A319,21:15,22:11,22:21,10,21:59,22:59,22:54,5,56,0,56,0.2,60
FFT,557,0,DEN,SAN,A319,8:15,8:19,8:29,10,9:29,9:33,9:29,4,4,0,4,0.3,4
FFT,561,0,DEN,SAN,A320,13:10,13:32,13:41,9,14:25,14:37,14:31,6,22,0,21,2.3,12
FFT,565,0,DEN,SAN,A319,18:05,19:15,19:24,9,19:19,20:24,20:20,4,70,0,69,0.3,65
FFT,563,0,DEN,SAN,A319,21:10,21:58,22:08,10,22:22,23:11,23:06,5,48,0,48,1.3,49
FFT,362,0,DEN,SDF,A319,11:30,11:43,11:54,11,15:57,16:00,15:54,6,13,0.5,14,1,3
FFT,845,0,DEN,SEA,A319,6:30,6:28,6:39,11,8:15,8:12,8:05,7,0,0.5,0,0.1,0
FFT,847,0,DEN,SEA,A320,8:15,8:23,8:39,16,10:01,10:16,10:08,8,8,5.5,14,1.1,15
FFT,835,0,DEN,SEA,A320,12:15,12:21,12:35,14,14:01,14:06,13:59,7,6,3.5,10,0.1,5
FFT,841,0,DEN,SEA,A319,16:30,18:05,18:25,20,18:15,19:49,19:43,6,95,9.5,105,0,94
FFT,843,0,DEN,SEA,A319,18:10,18:32,18:42,10,19:55,20:17,20:09,8,22,0,22,1.1,22
FFT,837,0,DEN,SEA,A320,21:15,21:41,21:51,10,22:57,23:22,23:14,8,26,0,26,1.1,25
FFT,653,0,DEN,SFO,A319,8:15,8:43,9:16,33,9:48,10:35,10:30,5,28,22.5,51,0,47
FFT,659,0,DEN,SFO,A318,12:20,12:53,13:05,12,13:53,14:22,14:17,5,33,1.5,35,0,29
FFT,665,0,DEN,SFO,A320,16:35,17:08,17:26,18,18:07,18:39,18:34,5,33,7.5,41,0,32
FFT,661,0,DEN,SFO,A319,18:10,18:39,18:49,10,19:44,20:03,19:57,6,29,0,29,0.7,19
FFT,667,0,DEN,SFO,A319,21:20,21:41,21:47,6,22:52,23:05,22:58,7,21,0,17,1.7,13
FFT,579,0,DEN,SLC,A319,8:15,8:24,8:33,9,9:38,9:41,9:37,4,9,0,8,0,3
FFT,585,0,DEN,SLC,A319,12:20,12:39,12:49,10,13:40,14:00,13:52,8,19,0,19,3.1,20
FFT,573,0,DEN,SLC,A319,18:05,18:16,18:30,14,19:26,19:37,19:32,5,11,3.5,15,0.1,11
FFT,571,0,DEN,SLC,A319,21:30,21:29,21:36,7,22:51,22:38,22:35,3,0,0,0,0,0
FFT,223,0,DEN,SMF,A319,13:00,12:58,13:10,12,14:28,14:27,14:21,6,0,1.5,0,1.5,0
FFT,227,0,DEN,SMF,A319,18:20,18:22,18:33,11,19:46,19:43,19:37,6,2,0.5,3,1.5,0
FFT,221,0,DEN,SMF,A319,21:20,22:10,22:19,9,22:44,23:32,23:25,7,50,0,49,2.5,48
FFT,262,0,DEN,SNA,A319,8:10,8:12,8:27,15,9:27,9:32,9:25,7,2,4.5,7,1.3,5
FFT,260,0,DEN,SNA,A319,13:10,13:15,13:26,11,14:28,14:30,14:25,5,5,0.5,6,0,2
FFT,268,0,DEN,SNA,A318,18:05,18:16,18:31,15,19:23,19:28,19:23,5,11,4.5,16,0,5
FFT,266,0,DEN,SNA,A319,21:10,21:16,21:27,11,22:28,22:30,22:25,5,6,0.5,7,0,2
FFT,294,0,DEN,STL,A319,10:40,10:48,11:08,20,13:37,13:52,13:45,7,8,9.5,18,1.8,15
FFT,290,0,DEN,STL,A319,15:25,16:53,17:03,10,18:21,19:44,19:39,5,88,0,88,0,83
FFT,282,0,DEN,STL,A319,19:00,19:02,19:15,13,21:57,21:53,21:47,6,2,2.5,5,0.8,0
FFT,137,1,DFW,DEN,A320,8:30,8:37,8:53,16,9:27,9:43,9:33,10,7,2.7,10,3.3,16
FFT,150,1,DFW,DEN,A319,10:30,11:24,11:39,15,11:27,12:21,12:16,5,54,1.7,56,0,54
FFT,135,1,DFW,DEN,A319,14:18,14:16,14:28,12,15:15,15:08,15:03,5,0,0,0,0,0
FFT,125,1,DFW,DEN,A319,16:34,16:27,16:41,14,17:32,17:33,17:25,8,0,0.7,0,1.3,1
FFT,139,1,DFW,DEN,A319,19:25,20:01,20:16,15,20:23,21:01,20:54,7,36,1.7,38,0.3,38
FFT,1167,1,DSM,DEN,A319,6:45,7:24,7:34,10,7:33,8:06,7:59,7,39,0,39,0.3,33
FFT,309,1,DTW,DEN,A319,6:30,6:23,6:37,14,7:29,7:29,7:22,7,0,4,0,0.3,0
FFT,626,1,DTW,DEN,A318,16:10,16:08,16:23,15,17:13,17:17,17:11,6,0,5,3,0,4
FFT,624,1,DTW,DEN,A319,18:57,20:08,20:43,35,19:59,21:31,21:21,10,71,25,96,3.3,92
FFT,642,1,FAI,DEN,A319,22:40,22:43,22:50,7,5:52,5:50,5:45,5,3,0,1,0,0
FFT,387,1,FLL,DEN,A319,13:35,14:55,15:11,16,15:43,17:25,17:18,7,80,3.1,83,0.3,102
FFT,106,1,GEG,DEN,A319,6:30,6:25,7:02,37,9:34,9:46,9:39,7,0,26.9,22,0.3,12
FFT,306,1,GEG,DEN,A319,10:20,10:19,10:27,8,13:25,13:13,13:06,7,0,0,0,0.3,0
FFT,308,1,GEG,DEN,A319,14:20,15:21,15:30,9,17:27,18:33,18:26,7,61,0,60,0.3,66
FFT,253,1,GRR,DEN,A319,10:09,10:19,10:29,10,10:50,11:05,10:57,8,10,0,9,1.3,15
FFT,615,1,IND,DEN,A319,7:00,6:57,7:08,11,7:39,7:41,7:30,11,0,2.3,0,4.3,2
FFT,551,1,IND,DEN,A319,16:40,16:52,17:02,10,17:17,18:01,17:55,6,12,1.3,13,0,44
FFT,609,1,IND,DEN,A319,19:59,20:13,20:23,10,20:35,20:47,20:42,5,14,1.3,15,0,12
FFT,151,1,JAC,DEN,A319,14:25,14:47,14:59,12,15:45,16:11,16:06,5,22,0,21,0,26
FFT,623,1,LAS,DEN,A318,7:00,6:54,7:05,11,9:48,9:38,9:32,6,0,0.4,0,0,0
FFT,618,1,LAS,DEN,A319,8:10,8:02,8:15,13,10:58,10:51,10:41,10,0,2.4,0,3.3,0
FFT,762,1,LAS,DEN,A319,9:40,9:42,10:00,18,12:28,12:29,12:23,6,2,7.4,9,0,1
FFT,608,1,LAS,DEN,A319,11:20,11:42,11:55,13,14:10,14:21,14:13,8,22,2.4,24,1.3,11
FFT,197,1,LAS,DEN,A319,15:34,15:27,15:36,9,18:20,18:15,18:06,9,0,0,0,2.3,0
FFT,760,1,LAS,DEN,A319,17:59,18:37,18:59,22,20:44,21:23,21:18,5,38,11.4,49,0,39
FFT,410,1,LAX,DEN,A319,9:01,9:01,9:24,23,12:19,12:19,12:13,6,0,11.6,12,0,0
FFT,404,1,LAX,DEN,A319,11:05,11:21,11:40,19,14:19,14:45,14:38,7,16,7.6,24,0.3,26
FFT,414,1,LAX,DEN,A319,15:00,16:22,16:43,21,18:16,19:36,19:31,5,82,9.6,92,0,80
FFT,513,1,LGA,DEN,A319,7:00,6:58,7:28,30,9:18,9:34,9:26,8,0,16.7,15,1.3,16
FFT,835,1,LGA,DEN,A320,8:45,8:43,9:13,30,11:08,11:16,11:07,9,0,16.7,15,2.3,8
FFT,509,1,LGA,DEN,A320,13:25,13:35,14:14,39,15:44,16:13,16:08,5,10,25.7,36,0,29
FFT,511,1,LGA,DEN,A320,17:30,19:00,19:36,36,19:51,21:39,21:27,12,90,22.7,113,5.3,108
FFT,597,1,LIT,DEN,A319,18:47,19:15,19:21,6,20:06,20:21,20:13,8,28,0,25,1.3,15
FFT,822,1,MCI,DEN,A319,6:30,6:25,6:35,10,7:12,7:03,6:58,5,0,0.1,0,0,0
FFT,824,1,MCI,DEN,A320,9:15,11:00,11:08,8,9:58,11:32,11:27,5,105,0,103,0,94
FFT,814,1,MCI,DEN,A319,16:30,16:32,16:43,11,17:15,17:17,17:09,8,2,1.1,3,1.3,2
FFT,677,1,MCO,DEN,A319,9:40,9:36,9:49,13,11:24,11:30,11:24,6,0,1,0,0,6
FFT,679,1,MCO,DEN,A320,17:02,18:14,18:23,9,18:50,19:57,19:52,5,72,0,69,0,67
FFT,831,1,MDT,DEN,A319,16:35,16:37,16:50,13,18:25,18:43,18:35,8,2,2,4,1.3,18
FFT,542,1,MDW,DEN,A318,6:00,5:57,6:06,9,7:28,7:30,7:24,6,0,0,0,0,2
FFT,659,1,MDW,DEN,A318,10:00,10:00,10:49,49,11:31,12:07,11:59,8,0,38.5,39,1.3,36
FFT,538,1,MDW,DEN,A318,12:15,12:40,12:58,18,13:44,14:14,14:05,9,25,7.5,33,2.3,30
FFT,536,1,MDW,DEN,A319,15:50,16:19,16:31,12,17:19,17:53,17:48,5,29,1.5,31,0,34
FFT,769,1,MDW,DEN,A318,19:00,19:03,19:14,11,20:30,20:30,20:21,9,3,0.5,4,2.3,0
FFT,369,1,MKE,DEN,A319,6:00,5:53,6:06,13,7:30,7:38,7:32,6,0,2.9,0,0,8
FFT,371,1,MKE,DEN,A319,14:25,14:34,14:47,13,15:54,16:05,15:57,8,9,2.9,12,1.3,11
FFT,377,1,MKE,DEN,A319,9:07,17:27,17:39,12,10:39,19:10,19:00,10,500,1.9,502,3.3,511
FFT,373,1,MKE,DEN,A319,18:59,19:16,19:27,11,20:28,20:47,20:36,11,17,0.9,18,4.3,19
FFT,631,1,MSN,DEN,A319,9:16,9:13,9:23,10,10:34,10:31,10:23,8,0,0,0,1.3,0
FFT,103,1,MSP,DEN,A320,6:30,6:26,6:39,13,7:29,7:28,7:20,8,0,1.4,0,1.3,0
FFT,111,1,MSP,DEN,A319,10:50,10:45,11:00,15,11:51,11:49,11:41,8,0,3.4,0,1.3,0
FFT,107,1,MSP,DEN,A319,13:50,14:01,14:18,17,14:49,15:05,14:59,6,11,5.4,16,0,16
FFT,105,1,MSP,DEN,A319,16:41,16:42,16:56,14,17:40,17:51,17:43,8,1,2.4,3,1.3,11
FFT,115,1,MSP,DEN,A319,19:10,19:19,19:32,13,20:12,20:27,20:11,16,9,1.4,10,9.3,15
FFT,188,1,OKC,DEN,A319,7:04,7:04,7:12,8,7:40,7:39,7:32,7,0,0,0,0.3,0
FFT,184,1,OKC,DEN,A319,18:13,18:32,18:40,8,18:43,19:13,19:04,9,19,0,18,2.3,30
FFT,70,1,PDX,DEN,A320,6:15,6:11,6:23,12,9:42,9:33,9:26,7,0,1.3,0,0.3,0
FFT,794,1,PDX,DEN,A320,8:45,9:14,9:24,10,12:16,12:36,12:26,10,29,0,28,3.3,20
FFT,792,1,PDX,DEN,A320,10:45,10:56,11:06,10,14:10,14:16,14:07,9,11,0,10,2.3,6
FFT,230,1,PDX,DEN,A319,15:04,15:04,15:19,15,18:30,18:37,18:29,8,0,4.3,4,1.3,7
FFT,798,1,PDX,DEN,A319,18:50,19:10,19:19,9,22:12,22:33,22:22,11,20,0,18,4.3,21
FFT,351,1,PHF,DEN,A319,17:28,18:19,18:30,11,19:15,20:27,20:18,9,51,1.5,53,2.3,72
FFT,447,1,PHL,DEN,A320,7:30,7:29,7:44,15,9:28,9:29,9:23,6,0,1.8,1,0,1
FFT,862,1,PHX,DEN,A319,6:45,6:45,7:09,24,9:28,9:33,9:28,5,0,13.3,13,0,5
FFT,854,1,PHX,DEN,A319,9:33,9:33,9:46,13,12:15,12:11,12:05,6,0,2.3,2,0,0
FFT,858,1,PHX,DEN,A319,15:41,15:37,15:53,16,18:23,18:27,18:19,8,0,5.3,1,1.3,4
FFT,850,1,PHX,DEN,A319,18:01,18:00,18:14,14,20:42,20:46,20:38,8,0,3.3,2,1.3,4
FFT,550,1,SAN,DEN,A319,6:30,6:23,6:36,13,9:49,9:36,9:29,7,0,2.6,0,0.3,0
FFT,566,1,SAN,DEN,A319,8:55,8:53,9:03,10,12:13,12:01,11:54,7,0,0,0,0.3,0
FFT,558,1,SAN,DEN,A319,10:15,10:19,10:37,18,13:31,13:38,13:32,6,4,7.6,12,0,7
FFT,564,1,SAN,DEN,A320,15:11,15:26,15:38,12,18:20,18:40,18:32,8,15,1.6,17,1.3,20
FFT,363,1,SDF,DEN,A319,16:37,16:38,16:53,15,17:22,17:51,17:45,6,1,4.6,6,0,29
FFT,842,1,SEA,DEN,A320,6:15,6:21,6:35,14,9:46,9:48,9:41,7,6,3.7,10,0.3,2
FFT,840,1,SEA,DEN,A319,7:35,7:28,7:46,18,11:07,10:56,10:49,7,0,7.7,1,0.3,0
FFT,844,1,SEA,DEN,A319,8:55,8:51,9:05,14,12:30,12:29,12:07,22,0,3.7,0,15.3,0
FFT,846,1,SEA,DEN,A320,10:50,10:58,11:10,12,14:23,14:20,14:12,8,8,1.7,10,1.3,0
FFT,491,1,SEA,DEN,A320,14:48,14:56,15:05,9,18:20,18:18,18:11,7,8,0,7,0.3,0
FFT,848,1,SEA,DEN,A319,18:55,20:25,20:35,10,22:22,23:39,23:31,8,90,0,90,1.3,77
FFT,294,1,SFO,DEN,A319,6:15,6:13,6:37,24,9:46,9:53,9:43,10,0,12.9,11,3.3,7
FFT,668,1,SFO,DEN,A319,8:40,8:34,8:49,15,12:04,11:55,11:49,6,0,3.9,0,0,0
FFT,654,1,SFO,DEN,A319,10:40,11:12,11:27,15,14:02,14:32,14:25,7,32,3.9,36,0.3,30
FFT,652,1,SFO,DEN,A318,14:46,15:03,15:24,21,18:10,18:44,18:35,9,17,9.9,27,2.3,34
FFT,662,1,SFO,DEN,A320,18:55,19:24,19:39,15,22:13,22:49,22:39,10,29,3.9,33,3.3,36
FFT,572,1,SLC,DEN,A319,7:30,7:20,7:35,15,8:52,8:40,8:30,10,0,3.9,0,3.3,0
FFT,570,1,SLC,DEN,A319,10:18,10:18,10:30,12,11:40,11:41,11:28,13,0,0.9,1,6.3,1
FFT,584,1,SLC,DEN,A319,14:20,14:40,14:53,13,15:40,16:13,16:04,9,20,1.9,22,2.3,33
FFT,578,1,SLC,DEN,A319,20:10,20:18,20:34,16,21:33,21:38,21:30,8,8,4.9,13,1.3,5
FFT,224,1,SMF,DEN,A319,6:30,6:26,6:35,9,9:43,9:33,9:27,6,0,0.2,0,0,0
FFT,228,1,SMF,DEN,A319,15:13,15:07,15:16,9,18:25,18:27,18:15,12,0,0.2,0,5.3,2
FFT,265,1,SNA,DEN,A319,6:45,6:41,7:01,20,10:09,9:59,9:52,7,0,11.8,8,0.3,0
FFT,263,1,SNA,DEN,A319,10:08,10:12,10:21,9,13:15,13:17,13:10,7,4,0.8,5,0.3,2
FFT,261,1,SNA,DEN,A319,15:08,15:09,15:20,11,18:15,18:21,18:14,7,1,2.8,4,0.3,6
FFT,269,1,SNA,DEN,A318,20:05,20:03,20:10,7,23:10,23:01,22:56,5,0,0,0,0,0
FFT,297,1,STL,DEN,A319,6:15,6:07,6:18,11,7:29,7:18,7:12,6,0,0.6,0,0,0
FFT,283,1,STL,DEN,A319,14:20,14:43,15:35,52,15:31,16:32,16:24,8,23,41.6,65,1.3,61
FFT,285,1,STL,DEN,A319,16:30,16:32,16:42,10,17:40,17:48,17:40,8,2,0,2,1.3,8
FFT,361,1,TPA,DEN,A319,9:09,9:06,9:18,12,10:50,10:54,10:49,5,0,1.8,0,0,4
JBU,493,1,BOS,DEN,A320,8:35,9:50,10:21,31,11:03,12:44,12:39,5,75,17.7,93,0,101
JBU,489,1,BOS,DEN,A320,21:20,21:36,21:52,16,23:44,0:03,23:56,7,16,2.7,19,1,19
JBU,494,0,DEN,BOS,A320,11:55,13:31,13:44,13,17:50,19:02,18:57,5,96,0,95,0.9,72
JBU,490,0,DEN,BOS,A320,23:15,23:06,23:19,13,5:00,4:28,4:23,5,0,0,0,0.9,0
JBU,98,0,DEN,JFK,A320,0:55,0:59,1:18,19,6:32,6:40,6:32,8,4,5,9,2,8
JBU,97,1,JFK,DEN,A320,19:30,19:28,19:52,24,22:03,21:58,21:47,11,0,6.1,4,5,0
NKS,116,0,DEN,DFW,A320,7:30,7:32,7:43,11,10:15,10:34,10:24,10,2,0.3,2,4.3,19
NKS,720,0,DEN,DFW,A319,20:45,20:37,20:47,10,23:30,23:18,23:12,6,0,0,0,0.3,0
NKS,970,0,DEN,FLL,A319,0:46,1:22,1:34,12,6:41,6:54,6:49,5,36,1.3,37,1.1,13
NKS,561,0,DEN,LAS,A319,11:45,11:41,11:51,10,12:35,12:25,12:19,6,0,0,0,1,0
NKS,719,0,DEN,LAS,A319,18:15,18:20,18:30,10,19:05,19:08,19:02,6,5,0,4,1,3
NKS,630,0,DEN,ORD,A320,13:25,15:43,15:55,12,16:50,19:06,18:54,12,138,1.3,139,6.2,137
NKS,115,1,DFW,DEN,A320,6:00,6:00,6:13,13,6:50,7:00,6:53,7,0,1.5,2,0.8,11
NKS,719,1,DFW,DEN,A319,16:45,16:45,16:57,12,17:35,17:45,17:37,8,0,0.5,1,1.8,10
NKS,355,1,FLL,DEN,A319,21:35,21:35,21:46,11,23:55,23:43,23:35,8,0,0,0,1.8,0
NKS,562,1,LAS,DEN,A319,8:10,8:14,8:27,13,11:00,10:56,10:47,9,4,2.3,6,2.8,0
NKS,720,1,LAS,DEN,A319,17:10,17:10,17:24,14,20:00,19:52,19:44,8,0,3.3,3,1.8,0
NKS,847,1,ORD,DEN,A320,11:05,13:26,13:46,20,12:40,15:04,14:56,8,141,8.9,150,1.8,144
SWA,1692,1,ABQ,DEN,B737,7:10,7:07,7:18,11,8:25,8:19,8:12,7,0,3.5,1,1.4,0
SWA,601,1,ABQ,DEN,B733,9:15,9:10,9:16,6,10:30,10:18,10:09,9,0,0,0,3.4,0
SWA,2617,1,ABQ,DEN,B733,16:45,16:44,16:52,8,18:05,18:11,18:00,11,0,0.5,0,5.4,6
SWA,8,1,AMA,DEN,B737,11:00,10:56,11:03,7,11:15,11:08,11:01,7,0,0,0,1.4,0
SWA,993,1,AMA,DEN,B733,16:40,16:41,16:50,9,16:55,16:51,16:45,6,1,1.8,3,0.4,0
SWA,4191,1,ATL,DEN,B737,6:15,6:14,6:25,11,7:25,7:22,7:16,6,0,0,0,0.4,0
SWA,1832,1,ATL,DEN,B737,17:10,17:42,17:53,11,18:20,19:00,18:54,6,32,0,30,0.4,40
SWA,276,1,AUS,DEN,B737,10:00,9:57,10:10,13,11:10,11:09,11:03,6,0,5.1,2,0.4,0
SWA,1779,1,AUS,DEN,B737,16:10,16:14,16:22,8,17:25,17:30,17:22,8,4,0.1,4,2.4,5
SWA,420,1,AUS,DEN,B737,18:40,19:33,19:40,7,19:55,20:33,20:28,5,53,0,52,0,38
SWA,1986,1,BDL,DEN,B737,12:20,12:25,12:34,9,14:40,14:54,14:46,8,5,1.4,6,2.4,14
SWA,3476,1,BNA,DEN,B733,6:35,6:36,6:43,7,8:20,8:27,8:09,18,1,0,1,12.4,7
SWA,391,1,BNA,DEN,B737,11:40,12:11,12:20,9,13:25,13:49,13:42,7,31,1.6,33,1.4,24
SWA,242,1,BNA,DEN,B737,14:40,14:53,14:58,5,16:25,16:21,16:15,6,13,0,11,0.4,0
SWA,515,1,BNA,DEN,B737,18:00,18:26,18:39,13,19:50,20:17,20:10,7,26,5.6,32,1.4,27
SWA,1847,1,BOI,DEN,B737,6:00,5:58,6:10,12,7:40,7:36,7:31,5,0,4.5,3,0,0
SWA,221,1,BOI,DEN,B737,13:15,13:14,13:22,8,15:05,14:51,14:45,6,0,0.5,0,0.4,0
SWA,3746,1,BOS,DEN,B737,8:30,8:28,8:46,18,11:15,11:07,10:56,11,0,6.4,4,5.4,0
SWA,2514,1,BOS,DEN,B737,14:25,16:01,16:27,26,17:10,18:57,18:45,12,96,14.4,110,6.4,107
SWA,1982,1,BUR,DEN,B737,8:25,8:25,8:38,13,11:35,11:33,11:26,7,0,4.8,5,1.4,0
SWA,185,1,BUR,DEN,B737,14:50,14:49,14:59,10,18:05,18:10,17:58,12,0,1.8,1,6.4,5
SWA,309,1,BWI,DEN,B737,8:20,8:28,8:50,22,10:15,10:28,10:20,8,8,13.3,21,2.4,13
SWA,2319,1,BWI,DEN,B737,12:10,13:01,13:10,9,14:05,15:00,14:52,8,51,0.3,51,2.4,55
SWA,1526,1,BWI,DEN,B737,15:45,16:51,17:01,10,17:45,18:58,18:51,7,66,1.3,67,1.4,73
SWA,1022,1,BWI,DEN,B737,19:20,19:42,19:51,9,21:20,21:32,21:23,9,22,0.3,22,3.4,12
SWA,4016,1,CAK,DEN,B737,11:25,12:45,12:58,13,12:45,14:02,13:53,9,80,2.3,82,3.4,77
SWA,439,1,CMH,DEN,B733,6:50,6:50,7:02,12,7:50,7:52,7:45,7,0,4.6,5,1.4,2
SWA,4025,1,DAY,DEN,B733,16:10,16:09,16:17,8,17:15,17:05,16:59,6,0,0,0,0.4,0
SWA,662,0,DEN,ABQ,B737,9:05,8:58,9:08,10,10:20,10:03,9:58,5,0,0.8,0,1,0
SWA,350,0,DEN,ABQ,B733,14:20,14:19,14:28,9,15:35,15:26,15:21,5,0,0,0,1,0
SWA,1744,0,DEN,ABQ,B737,20:25,21:30,21:37,7,21:35,22:31,22:26,5,65,0,63,1,56
SWA,33,0,DEN,AMA,B737,10:15,10:13,10:26,13,12:25,12:20,12:16,4,0,3.8,2,0,0
SWA,1906,0,DEN,AMA,B733,14:55,15:02,15:10,8,17:05,17:02,16:59,3,7,0,6,0,0
SWA,1743,0,DEN,ATL,B737,11:40,11:57,12:07,10,16:35,16:42,16:34,8,17,0.8,18,1,7
SWA,1863,0,DEN,ATL,B737,19:25,19:57,20:07,10,0:20,0:50,0:43,7,32,0.8,33,0,30
SWA,472,0,DEN,AUS,B737,11:35,11:41,11:48,7,14:40,14:27,14:23,4,6,0,4,0,0
SWA,770,0,DEN,AUS,B733,14:30,15:13,15:22,9,17:35,18:02,17:58,4,43,0,43,0,27
SWA,488,0,DEN,AUS,B737,20:10,20:26,20:39,13,23:10,23:19,23:14,5,16,3.8,20,0.9,9
SWA,484,0,DEN,BDL,B737,17:30,18:32,18:43,11,23:05,23:47,23:43,4,62,1.8,64,0.1,42
SWA,634,0,DEN,BNA,B733,6:35,6:33,6:42,9,10:00,9:52,9:49,3,0,0,0,0,0
SWA,503,0,DEN,BNA,B737,10:40,10:58,11:12,14,14:10,14:21,14:16,5,18,4.8,23,0.4,11
SWA,3565,0,DEN,BNA,B737,14:40,15:50,16:02,12,18:10,19:17,19:12,5,70,2.8,73,0.4,67
SWA,1692,0,DEN,BOI,B737,8:55,8:55,9:03,8,10:50,10:44,10:40,4,0,0,0,1.4,0
SWA,923,0,DEN,BOI,B737,21:05,21:40,21:52,12,22:55,23:27,23:23,4,35,2.8,38,1.4,32
SWA,412,0,DEN,BOS,B737,10:25,10:23,10:35,12,16:30,16:12,16:00,12,0,2.8,1,6,0
SWA,466,0,DEN,BOS,B737,18:30,19:08,19:25,17,0:20,0:41,0:35,6,38,7.8,46,0,21
SWA,446,0,DEN,BUR,B737,8:25,8:37,8:52,15,9:45,9:55,9:53,2,12,5.8,18,0,10
SWA,2181,0,DEN,BUR,B737,19:45,20:25,20:33,8,21:05,21:31,21:29,2,40,0,39,0,26
SWA,2863,0,DEN,BWI,B737,6:05,6:05,6:16,11,11:25,11:24,11:21,3,0,1.8,2,0,0
SWA,510,0,DEN,BWI,B737,10:05,10:04,10:22,18,15:25,15:31,15:28,3,0,8.8,8,0,6
SWA,1505,0,DEN,BWI,B737,15:40,15:48,15:55,7,21:00,20:58,20:55,3,8,0,6,0,0
SWA,4006,0,DEN,BWI,B737,18:35,19:35,19:51,16,23:50,0:45,0:43,2,60,6.8,67,0,55
SWA,4012,0,DEN,CAK,B737,13:20,14:44,14:56,12,18:10,19:23,19:18,5,84,2.8,87,1.1,73
SWA,523,0,DEN,CMH,B737,17:25,18:05,18:22,17,22:05,22:44,22:39,5,40,7.8,48,1.8,39
SWA,4022,0,DEN,DAY,B733,11:00,10:57,11:06,9,15:35,15:22,15:18,4,0,0,0,0,0
SWA,123,0,DEN,DTW,B737,10:15,10:15,10:38,23,15:00,15:04,14:55,9,0,13.8,14,3.2,4
SWA,1197,0,DEN,DTW,B737,18:45,19:18,19:29,11,23:30,23:51,23:40,11,33,1.8,35,5.2,21
SWA,3051,0,DEN,EWR,B737,10:30,10:45,11:06,21,16:20,16:39,16:31,8,15,11.8,27,1.3,19
SWA,3755,0,DEN,EWR,B737,18:30,19:53,20:06,13,0:10,1:15,1:07,8,83,3.8,87,1.3,65
SWA,441,0,DEN,FLL,B737,10:05,10:24,10:42,18,15:55,16:25,16:20,5,19,8.8,28,1.7,30
SWA,2952,0,DEN,FLL,B737,17:25,18:01,18:14,13,23:10,23:37,23:33,4,36,3.8,40,0.7,27
SWA,8,0,DEN,GEG,B737,11:45,11:56,12:06,10,13:10,13:08,13:05,3,11,0.8,12,0,0
SWA,541,0,DEN,GEG,B737,21:40,22:57,23:05,8,22:55,0:12,0:08,4,77,0,76,0.2,77
SWA,727,0,DEN,HOU,B737,6:10,6:09,6:17,8,9:30,9:19,9:13,6,0,0,0,1.6,0
SWA,601,0,DEN,HOU,B733,11:10,11:10,11:21,11,14:30,14:23,14:15,8,0,1.8,2,3.6,0
SWA,522,0,DEN,HOU,B737,13:25,13:23,13:31,8,16:50,16:42,16:20,22,0,0,0,17.6,0
SWA,314,0,DEN,HOU,B737,16:35,17:26,17:36,10,19:50,20:32,20:26,6,51,0.8,52,1.6,42
SWA,826,0,DEN,IAD,B738,10:05,10:15,10:32,17,15:30,15:39,15:33,6,10,7.8,18,1.3,9
SWA,1779,0,DEN,IAD,B737,17:55,18:13,18:26,13,23:15,23:24,23:15,9,18,3.8,22,4.3,9
SWA,3519,0,DEN,IND,B733,10:15,10:16,10:27,11,14:40,14:32,14:26,6,1,1.8,3,2.3,0
SWA,553,0,DEN,IND,B733,18:50,19:26,19:38,12,23:15,23:41,23:35,6,36,2.8,39,2.3,26
SWA,1650,0,DEN,JAX,B737,17:25,17:32,17:42,10,22:35,22:40,22:34,6,7,0.8,8,2.1,5
SWA,1261,0,DEN,LAS,B737,6:10,6:06,6:14,8,7:00,6:45,6:42,3,0,0,0,0,0
SWA,1528,0,DEN,LAS,B733,7:05,7:01,7:08,7,7:55,7:42,7:38,4,0,0,0,0,0
SWA,755,0,DEN,LAS,B737,8:45,8:46,8:54,8,9:40,9:28,9:21,7,1,0,0,3,0
SWA,276,0,DEN,LAS,B737,11:40,11:49,12:02,13,12:30,12:34,12:30,4,9,3.8,13,0,4
SWA,471,0,DEN,LAS,B738,14:20,14:24,14:32,8,15:15,15:08,15:03,5,4,0,3,1,0
SWA,102,0,DEN,LAS,B737,15:45,15:48,16:00,12,16:40,16:54,16:29,25,3,2.8,6,21,14
SWA,259,0,DEN,LAS,B733,16:40,16:39,16:57,18,17:30,17:34,17:30,4,0,8.8,8,0,4
SWA,698,0,DEN,LAS,B737,18:50,19:45,19:55,10,19:45,20:25,20:22,3,55,0.8,56,0,40
SWA,202,0,DEN,LAS,B733,21:05,21:56,22:07,11,21:55,22:41,22:37,4,51,1.8,53,0,46
SWA,731,0,DEN,LAX,B733,7:40,7:41,7:52,11,9:05,8:57,8:48,9,1,1.8,3,3.6,0
SWA,543,0,DEN,LAX,B737,10:20,11:27,11:36,9,11:45,12:41,12:35,6,67,0,67,0.6,56
SWA,357,0,DEN,LAX,B737,12:10,12:10,12:20,10,13:40,13:44,13:18,26,0,0.8,1,20.6,4
SWA,391,0,DEN,LAX,B737,14:00,14:49,15:12,23,15:25,16:18,16:12,6,49,13.8,63,0.6,53
SWA,233,0,DEN,LAX,B733,15:30,16:12,16:22,10,17:00,17:28,17:21,7,42,0.8,43,1.6,28
SWA,1526,0,DEN,LAX,B737,18:20,19:38,19:48,10,19:50,20:50,20:44,6,78,0.8,79,0.6,60
SWA,2051,0,DEN,LAX,B737,20:30,21:09,21:22,13,22:00,22:33,22:19,14,39,3.8,43,8.6,33
SWA,2538,0,DEN,LGA,B737,11:15,11:15,11:26,11,17:00,16:40,16:36,4,0,1.8,2,0,0
SWA,686,0,DEN,LGA,B737,16:45,17:01,17:12,11,22:30,22:20,22:15,5,16,1.8,18,0,0
SWA,4189,0,DEN,MCI,B737,8:00,9:13,9:23,10,10:30,11:40,11:35,5,73,0.8,74,0.4,70
SWA,2632,0,DEN,MCI,B737,11:30,11:31,11:40,9,14:05,13:51,13:47,4,1,0,1,0,0
SWA,1208,0,DEN,MCI,B733,16:00,16:08,16:16,8,18:30,18:28,18:24,4,8,0,7,0,0
SWA,818,0,DEN,MCI,B737,18:45,18:57,19:13,16,21:20,21:26,21:22,4,12,6.8,19,0,6
SWA,840,0,DEN,MCI,B738,20:05,20:19,20:32,13,22:40,22:48,22:40,8,14,3.8,18,3.4,8
SWA,1847,0,DEN,MCO,B737,8:10,8:21,8:32,11,13:45,13:41,13:35,6,11,1.8,13,1.1,0
SWA,736,0,DEN,MCO,B737,15:25,16:05,16:13,8,20:50,21:15,21:11,4,40,0,39,0,25
SWA,2883,0,DEN,MCO,B737,17:25,18:03,18:17,14,22:50,23:22,23:16,6,38,4.8,43,1.1,32
SWA,3486,0,DEN,MDW,B738,6:00,6:07,6:18,11,9:20,9:48,9:17,31,7,1.8,9,26.9,28
SWA,1973,0,DEN,MDW,B737,6:35,8:21,8:33,12,9:50,11:30,11:23,7,106,2.8,109,2.9,100
SWA,838,0,DEN,MDW,B737,7:40,8:22,8:31,9,11:05,11:28,11:21,7,42,0,42,2.9,23
SWA,222,0,DEN,MDW,B737,9:40,9:53,10:02,9,13:00,13:07,12:52,15,13,0,13,10.9,7
SWA,602,0,DEN,MDW,B737,12:45,12:54,13:03,9,16:05,15:58,15:52,6,9,0,9,1.9,0
SWA,4009,0,DEN,MDW,B737,16:25,17:07,17:16,9,19:40,20:13,20:06,7,42,0,42,2.9,33
SWA,1768,0,DEN,MDW,B733,17:25,18:02,18:19,17,20:40,21:15,21:10,5,37,7.8,45,0.9,35
SWA,570,0,DEN,MDW,B733,19:15,20:17,20:29,12,22:30,23:21,23:17,4,62,2.8,65,0,51
SWA,272,0,DEN,MDW,B737,20:10,20:23,20:35,12,23:20,23:25,23:21,4,13,2.8,16,0,5
SWA,4002,0,DEN,MKE,B737,9:15,9:28,9:38,10,12:35,12:33,12:27,6,13,0.8,14,2.7,0
SWA,4123,0,DEN,MKE,B737,15:10,15:36,15:49,13,18:30,18:39,18:35,4,26,3.8,30,0.7,9
SWA,1727,0,DEN,MKE,B737,18:45,19:19,19:32,13,22:05,22:19,22:15,4,34,3.8,38,0.7,14
SWA,691,0,DEN,MSP,B733,10:15,10:20,10:37,17,13:15,13:10,13:05,5,5,7.8,13,1.1,0
SWA,3699,0,DEN,MSP,B737,12:50,13:07,13:18,11,15:55,15:49,15:46,3,17,1.8,19,0,0
SWA,173,0,DEN,MSP,B738,15:25,15:27,15:38,11,18:25,18:14,18:11,3,2,1.8,4,0,0
SWA,4385,0,DEN,MSP,B737,20:05,20:09,20:22,13,22:55,22:57,22:52,5,4,3.8,8,1.1,2
SWA,2707,0,DEN,MSY,B737,10:15,10:28,10:44,16,13:50,14:06,13:48,18,13,6.8,20,14.9,16
SWA,3512,0,DEN,MSY,B737,14:55,15:22,15:30,8,18:25,18:39,18:36,3,27,0,26,0,14
SWA,1550,0,DEN,OAK,B733,8:25,8:27,8:40,13,10:05,10:06,10:02,4,2,3.8,6,0,1
SWA,3746,0,DEN,OAK,B737,12:00,12:09,12:22,13,13:35,13:32,13:29,3,9,3.8,13,0,0
SWA,4297,0,DEN,OAK,B737,16:15,16:25,16:35,10,17:55,17:49,17:44,5,10,0.8,11,0.2,0
SWA,366,0,DEN,OAK,B737,20:35,21:04,21:15,11,22:10,22:32,22:25,7,29,1.8,31,2.2,22
SWA,1982,0,DEN,OKC,B737,12:10,12:14,12:22,8,14:40,14:31,14:27,4,4,0,3,0.7,0
SWA,426,0,DEN,OKC,B733,16:25,16:41,16:50,9,18:50,18:59,18:55,4,16,0,16,0.7,9
SWA,371,0,DEN,OMA,B737,10:15,10:16,10:36,20,12:40,12:44,12:37,7,1,10.8,12,3.1,4
SWA,1994,0,DEN,OMA,B737,14:25,15:41,15:52,11,16:50,17:56,17:53,3,76,1.8,78,0,66
SWA,2617,0,DEN,OMA,B733,18:45,19:17,19:31,14,21:05,21:34,21:30,4,32,4.8,37,0.1,29
SWA,439,0,DEN,ONT,B733,8:25,8:31,8:57,26,9:45,9:51,9:47,4,6,16.8,23,0.3,6
SWA,1254,0,DEN,ONT,B733,20:25,21:10,21:23,13,21:40,22:20,22:14,6,45,3.8,49,2.3,40
SWA,2779,0,DEN,PDX,B737,8:25,8:33,8:42,9,10:10,10:07,10:04,3,8,0,8,0,0
SWA,424,0,DEN,PDX,B737,12:05,12:30,12:39,9,13:45,14:02,13:58,4,25,0,25,1,17
SWA,3504,0,DEN,PDX,B737,14:35,15:20,15:31,11,16:15,16:56,16:53,3,45,1.8,47,0,41
SWA,915,0,DEN,PDX,B738,18:55,20:07,20:20,13,20:35,21:39,21:35,4,72,3.8,76,1,64
SWA,277,0,DEN,PHL,B738,10:20,10:30,10:40,10,16:05,15:53,15:44,9,10,0.8,11,3.9,0
SWA,388,0,DEN,PHL,B737,13:05,13:05,13:15,10,18:45,18:26,18:20,6,0,0.8,1,0.9,0
SWA,713,0,DEN,PHL,B737,18:50,19:18,19:27,9,0:20,0:36,0:26,10,28,0,28,4.9,16
SWA,364,0,DEN,PHX,B733,8:10,8:14,8:26,12,9:00,9:02,8:53,9,4,2.8,7,4.3,2
SWA,1909,0,DEN,PHX,B737,9:10,9:11,9:19,8,10:05,9:49,9:44,5,1,0,0,0.3,0
SWA,578,0,DEN,PHX,B737,9:50,9:55,10:04,9,10:40,10:33,10:27,6,5,0,5,1.3,0
SWA,1898,0,DEN,PHX,B737,14:00,14:22,14:37,15,14:50,15:08,15:03,5,22,5.8,28,0.3,18
SWA,1454,0,DEN,PHX,,15:50,16:28,16:37,9,16:40,17:11,17:07,4,38,0,38,0,31
SWA,1022,0,DEN,PHX,B737,21:55,22:04,22:11,7,22:40,22:42,22:37,5,9,0,7,0.3,2
SWA,3413,0,DEN,PHX,B733,21:05,23:14,23:22,8,21:50,23:58,23:55,3,129,0,128,0,128
SWA,1611,0,DEN,PVD,B737,17:10,17:59,18:11,12,23:00,23:32,23:26,6,49,2.8,52,2.2,32
SWA,164,0,DEN,RDU,B737,11:55,11:59,12:09,10,17:05,17:06,17:02,4,4,0.8,5,0.5,1
SWA,205,0,DEN,RNO,B737,12:05,12:10,12:21,11,13:20,13:21,13:15,6,5,1.8,7,2.2,1
SWA,455,0,DEN,RNO,B737,20:25,21:06,21:16,10,21:40,22:10,22:05,5,41,0.8,42,1.2,30
SWA,2010,0,DEN,SAN,B737,8:30,8:34,8:51,17,9:55,9:52,9:49,3,4,7.8,12,0.5,0
SWA,2955,0,DEN,SAN,B737,11:10,12:40,12:48,8,12:25,13:48,13:44,4,90,0,89,1.5,83
SWA,2319,0,DEN,SAN,B737,14:35,15:41,15:51,10,15:55,16:51,16:48,3,66,0.8,67,0.5,56
SWA,788,0,DEN,SAN,B737,17:00,19:32,19:42,10,18:20,20:40,20:37,3,152,0.8,153,0.5,140
SWA,420,0,DEN,SAN,B737,20:25,21:12,21:25,13,21:45,22:23,22:19,4,47,3.8,51,1.5,38
SWA,550,0,DEN,SAT,B737,12:35,12:30,12:40,10,15:35,15:23,15:20,3,0,0.8,0,0.3,0
SWA,2514,0,DEN,SAT,B737,17:45,19:35,19:47,12,20:45,22:29,22:25,4,110,2.8,113,1.3,104
SWA,1807,0,DEN,SEA,B738,8:30,8:51,9:01,10,10:20,10:27,10:21,6,21,0.8,22,0.6,7
SWA,517,0,DEN,SEA,B737,13:25,15:57,16:07,10,15:15,17:36,17:31,5,152,0.8,153,0,141
SWA,1606,0,DEN,SEA,B737,16:00,17:00,17:09,9,17:50,18:38,18:33,5,60,0,60,0,48
SWA,515,0,DEN,SEA,B737,20:25,21:10,21:21,11,22:10,22:53,22:47,6,45,1.8,47,0.6,43
SWA,1890,0,DEN,SFO,B735,8:25,10:19,10:40,21,10:10,11:57,11:51,6,114,11.8,126,1.7,107
SWA,1911,0,DEN,SFO,B737,14:15,14:22,14:31,9,15:55,15:48,15:42,6,7,0,7,1.7,0
SWA,242,0,DEN,SFO,B737,16:55,16:56,17:05,9,18:35,18:19,18:15,4,1,0,1,0,0
SWA,1288,0,DEN,SFO,B737,21:25,21:47,21:59,12,23:00,23:11,23:06,5,22,2.8,25,0.7,11
SWA,3134,0,DEN,SJC,B733,9:20,9:28,9:42,14,10:55,10:57,10:53,4,8,4.8,13,0.9,2
SWA,3385,0,DEN,SJC,B737,12:05,12:11,12:25,14,13:45,13:41,13:38,3,6,4.8,11,0,0
SWA,36,0,DEN,SJC,B733,19:15,19:44,19:56,12,20:55,21:10,21:07,3,29,2.8,32,0,15
SWA,213,0,DEN,SLC,B733,7:35,7:33,7:39,6,9:00,8:54,8:45,9,0,0,0,5.9,0
SWA,309,0,DEN,SLC,B737,11:00,11:09,11:18,9,12:25,12:25,12:23,2,9,0,9,0,0
SWA,187,0,DEN,SLC,B737,12:05,12:47,12:56,9,13:35,14:04,14:00,4,42,0,42,0.9,29
SWA,437,0,DEN,SLC,B737,14:35,14:57,15:13,16,16:05,16:23,16:19,4,22,6.8,29,0.9,18
SWA,993,0,DEN,SLC,B733,17:35,17:37,17:48,11,19:05,18:56,18:51,5,2,1.8,4,1.9,0
SWA,1297,0,DEN,SLC,B733,20:25,20:48,20:58,10,21:50,22:06,22:04,2,23,0.8,24,0,16
SWA,1885,0,DEN,SMF,B733,8:25,8:29,8:45,16,10:00,9:58,9:54,4,4,6.8,11,0.1,0
SWA,1820,0,DEN,SMF,B737,12:05,13:01,13:09,8,13:40,14:20,14:17,3,56,0,55,0,40
SWA,125,0,DEN,SMF,B738,21:05,21:20,21:34,14,22:35,22:38,22:34,4,15,4.8,20,0.1,3
SWA,3476,0,DEN,SNA,B737,9:00,9:00,9:09,9,10:20,10:14,10:06,8,0,0,0,3.8,0
SWA,3340,0,DEN,SNA,B737,13:20,13:29,13:35,6,14:45,14:38,14:34,4,9,0,6,0,0
SWA,160,0,DEN,SNA,B737,15:55,16:06,16:18,12,17:20,17:18,17:15,3,11,2.8,14,0,0
SWA,499,0,DEN,SNA,B737,20:20,20:50,21:01,11,21:40,21:59,21:54,5,30,1.8,32,0.8,19
SWA,613,0,DEN,STL,B737,9:30,9:31,9:40,9,12:25,12:25,12:22,3,1,0,1,0,0
SWA,3789,0,DEN,STL,B737,15:05,15:31,15:40,9,18:05,18:24,18:19,5,26,0,26,1.5,19
SWA,185,0,DEN,STL,B737,18:45,19:11,19:26,15,21:40,22:04,22:00,4,26,5.8,32,0.5,24
SWA,565,0,DEN,TPA,B737,11:30,11:32,11:46,14,16:55,16:57,16:45,12,2,4.8,7,7.8,2
SWA,981,0,DEN,TPA,B737,17:25,18:04,18:21,17,22:50,23:24,23:20,4,39,7.8,47,0,34
SWA,3674,0,DEN,TUL,B737,10:25,10:53,11:09,16,12:55,13:20,13:17,3,28,6.8,35,0,25
SWA,559,0,DEN,TUL,B733,14:05,15:36,15:46,10,16:35,18:02,17:58,4,91,0.8,92,1,87
SWA,887,0,DEN,TUL,B737,20:20,20:34,20:45,11,22:50,23:03,22:58,5,14,1.8,16,2,13
SWA,496,0,DEN,TUS,B737,12:20,14:47,14:57,10,13:15,15:34,15:31,3,147,0.8,148,0,139
SWA,359,0,DEN,TUS,B737,21:25,23:09,23:17,8,22:10,23:50,23:45,5,104,0,103,1.8,100
SWA,1885,1,DTW,DEN,B733,6:45,6:46,7:01,15,7:50,7:53,7:44,9,1,7.3,8,3.4,3
SWA,1254,1,DTW,DEN,B733,18:45,18:44,18:52,8,19:50,19:48,19:40,8,0,0.3,0,2.4,0
SWA,543,1,EWR,DEN,B737,7:35,8:10,8:47,37,9:45,10:47,10:41,6,35,24.3,59,0.4,62
SWA,1696,1,EWR,DEN,B737,12:25,12:38,12:49,11,14:35,14:46,14:37,9,13,0,11,3.4,11
SWA,219,1,EWR,DEN,B737,16:55,17:12,17:30,18,19:10,19:41,19:20,21,17,5.3,22,15.4,31
SWA,187,1,FLL,DEN,B737,9:15,9:17,9:40,23,11:25,11:41,11:33,8,2,12.7,15,2.4,16
SWA,179,1,FLL,DEN,B737,16:55,16:53,17:07,14,19:15,19:23,19:09,14,0,3.7,2,8.4,8
SWA,33,1,GEG,DEN,B737,6:30,6:25,6:35,10,9:40,9:23,9:15,8,0,1.3,0,2.4,0
SWA,981,1,GEG,DEN,B737,13:35,13:38,13:49,11,16:45,16:52,16:45,7,3,2.3,5,1.4,7
SWA,3134,1,HOU,DEN,B733,7:25,7:26,7:36,10,8:45,8:54,8:48,6,1,2.6,4,0.4,9
SWA,1911,1,HOU,DEN,B737,12:15,12:21,12:26,5,13:40,13:38,13:31,7,6,0,4,1.4,0
SWA,259,1,HOU,DEN,B733,14:35,14:40,14:46,6,16:00,15:58,15:50,8,5,0,4,2.4,0
SWA,465,1,HOU,DEN,B737,20:05,20:26,20:33,7,21:30,21:43,21:34,9,21,0,21,3.4,13
SWA,915,1,IAD,DEN,B738,16:15,16:33,16:45,12,18:10,18:30,18:18,12,18,2.8,21,6.4,20
SWA,1890,1,IND,DEN,B735,7:10,7:16,7:25,9,7:50,7:50,7:43,7,6,1.1,7,1.4,0
SWA,3504,1,IND,DEN,B737,13:20,13:44,13:56,12,14:05,14:39,14:31,8,24,4.1,28,2.4,34
SWA,2051,1,IND,DEN,B737,19:05,19:11,19:20,9,19:50,19:53,19:44,9,6,1.1,7,3.4,3
SWA,205,1,JAX,DEN,B737,9:50,9:48,9:58,10,11:25,11:24,11:15,9,0,1.9,0,3.4,0
SWA,412,1,LAS,DEN,B737,6:55,6:59,7:12,13,9:50,9:42,9:35,7,4,3.8,8,1.4,0
SWA,3300,1,LAS,DEN,B737,8:40,8:40,8:50,10,11:35,11:19,11:12,7,0,0.8,1,1.4,0
SWA,388,1,LAS,DEN,B737,9:40,9:43,9:57,14,12:30,12:26,12:18,8,3,4.8,8,2.4,0
SWA,2001,1,LAS,DEN,B738,10:40,10:49,10:56,7,13:35,13:24,13:16,8,9,0,7,2.4,0
SWA,839,1,LAS,DEN,B737,13:00,13:05,13:13,8,15:45,15:48,15:42,6,5,0,4,0.4,3
SWA,3611,1,LAS,DEN,B737,16:30,16:47,17:02,15,19:25,19:30,19:24,6,17,5.8,23,0.4,5
SWA,1288,1,LAS,DEN,B737,17:55,18:22,18:33,11,20:50,20:59,20:53,6,27,1.8,29,0.4,9
SWA,297,1,LAS,DEN,B733,18:50,18:52,19:06,14,21:35,21:35,21:29,6,2,4.8,7,0.4,0
SWA,1431,1,LAS,DEN,B738,19:30,19:45,19:54,9,22:20,22:26,22:19,7,15,0,15,1.4,6
SWA,826,1,LAX,DEN,B738,6:00,6:13,6:20,7,9:20,9:19,9:10,9,13,0.6,14,3.4,0
SWA,3699,1,LAX,DEN,B737,9:00,9:11,9:20,9,12:15,12:18,12:10,8,11,2.6,14,2.4,3
SWA,1906,1,LAX,DEN,B733,11:05,11:08,11:15,7,14:15,14:18,14:09,9,3,0.6,4,3.4,3
SWA,559,1,LAX,DEN,B733,10:10,11:29,11:37,8,13:25,14:57,14:49,8,79,1.6,81,2.4,92
SWA,553,1,LAX,DEN,B733,14:50,15:12,15:22,10,18:05,18:45,18:37,8,22,3.6,26,2.4,40
SWA,272,1,LAX,DEN,B737,16:20,16:48,16:57,9,19:35,19:51,19:46,5,28,2.6,31,0,16
SWA,674,1,LAX,DEN,B737,19:00,19:17,19:23,6,22:10,22:23,22:14,9,17,0,17,3.4,13
SWA,3674,1,LGA,DEN,B737,7:35,7:40,8:12,32,9:55,10:14,10:07,7,5,21.6,27,1.4,19
SWA,1606,1,LGA,DEN,B737,13:00,13:55,14:24,29,15:30,16:18,16:10,8,55,18.6,74,2.4,48
SWA,1807,1,MCI,DEN,B738,6:50,6:51,7:01,10,7:40,7:33,7:25,8,1,1,2,2.4,0
SWA,472,1,MCI,DEN,B737,10:10,10:12,10:22,10,11:00,10:50,10:45,5,2,1,3,0,0
SWA,448,1,MCI,DEN,B733,14:45,14:54,15:02,8,15:25,15:28,15:23,5,9,0,8,0,3
SWA,1297,1,MCI,DEN,B733,19:05,19:18,19:24,6,19:50,19:52,19:45,7,13,0,10,1.4,2
SWA,257,1,MCI,DEN,B733,18:10,20:42,20:50,8,18:55,21:19,21:12,7,152,0,151,1.4,144
SWA,1820,1,MCO,DEN,B737,9:35,10:40,10:45,5,11:25,12:26,12:19,7,65,0,63,1.4,61
SWA,909,1,MCO,DEN,B737,13:45,13:49,13:58,9,15:40,15:54,15:30,24,4,2.3,6,18.4,14
SWA,1744,1,MCO,DEN,B737,17:50,18:52,19:06,14,19:55,20:45,20:39,6,62,7.3,69,0.4,50
SWA,364,1,MDW,DEN,B737,6:05,6:01,6:15,14,7:35,7:37,7:29,8,0,6,2,2.4,2
SWA,441,1,MDW,DEN,B737,7:55,7:55,8:10,15,9:25,9:42,9:31,11,0,7,7,5.4,17
SWA,269,1,MDW,DEN,B737,9:00,9:15,10:45,90,10:30,12:01,11:52,9,15,82,97,3.4,91
SWA,496,1,MDW,DEN,B737,10:15,12:36,12:47,11,11:50,14:04,13:57,7,141,3,144,1.4,134
SWA,1454,1,MDW,DEN,,13:45,14:17,14:29,12,15:15,15:48,15:41,7,32,4,36,1.4,33
SWA,4203,1,MDW,DEN,B737,17:50,17:50,17:59,9,19:25,19:37,19:13,24,0,1,1,18.4,12
SWA,1712,1,MDW,DEN,B737,16:30,19:31,19:37,6,18:10,20:57,20:48,9,181,0,179,3.4,167
SWA,511,1,MDW,DEN,B737,19:15,19:34,19:48,14,20:55,21:12,20:58,14,19,6,25,8.4,17
SWA,552,1,MDW,DEN,B737,18:45,19:43,19:57,14,20:25,21:15,21:07,8,58,6,64,2.4,50
SWA,330,1,MHT,DEN,B737,6:30,6:29,6:37,8,9:00,8:44,8:36,8,0,0,0,2.4,0
SWA,4003,1,MKE,DEN,B737,13:10,13:08,13:16,8,14:35,14:54,14:28,26,0,0,0,20.4,19
SWA,308,1,MKE,DEN,B737,16:10,16:09,16:16,7,17:35,17:37,17:29,8,0,0,0,2.4,2
SWA,4121,1,MKE,DEN,B737,19:05,19:11,19:19,8,20:30,20:34,20:26,8,6,0,6,2.4,4
SWA,731,1,MSP,DEN,B733,6:05,6:06,6:17,11,7:10,7:07,7:00,7,1,1.8,3,1.4,0
SWA,489,1,MSP,DEN,B737,8:05,8:03,8:15,12,9:10,9:04,8:56,8,0,2.8,1,2.4,0
SWA,102,1,MSP,DEN,B737,13:55,13:53,14:07,14,15:05,15:08,14:48,20,0,4.8,3,14.4,3
SWA,125,1,MSP,DEN,B738,19:10,19:06,19:19,13,20:20,20:01,19:53,8,0,3.8,0,2.4,0
SWA,3385,1,MSY,DEN,B737,9:40,9:40,9:49,9,11:25,11:32,11:18,14,0,2.5,3,8.4,7
SWA,366,1,MSY,DEN,B737,18:20,18:22,18:28,6,20:00,20:03,19:55,8,2,0,2,2.4,3
SWA,371,1,OAK,DEN,B737,6:10,6:13,6:24,11,9:40,9:32,9:24,8,3,4,7,2.4,0
SWA,770,1,OAK,DEN,B733,10:25,10:26,10:36,10,13:50,13:49,13:40,9,1,3,4,3.4,0
SWA,484,1,OAK,DEN,B737,13:20,13:53,14:03,10,16:45,17:48,17:40,8,33,3,36,2.4,63
SWA,3924,1,OAK,DEN,B737,14:20,14:24,14:32,8,17:40,17:39,17:32,7,4,1,5,1.4,0
SWA,838,1,OKC,DEN,B733,6:35,6:35,6:44,9,7:05,7:07,7:00,7,0,1.6,2,1.4,2
SWA,3340,1,OKC,DEN,B737,12:10,12:09,12:17,8,12:40,12:53,12:34,19,0,0.6,0,13.4,13
SWA,1863,1,OKC,DEN,B737,18:25,18:26,18:36,10,18:55,19:15,18:53,22,1,2.6,4,16.4,20
SWA,1550,1,OMA,DEN,B733,7:15,7:17,7:28,11,7:50,7:50,7:44,6,2,3.6,6,0.4,0
SWA,736,1,OMA,DEN,B737,14:05,14:42,14:50,8,14:40,15:27,15:07,20,37,0.6,38,14.4,47
SWA,923,1,OMA,DEN,B737,19:50,20:24,20:34,10,20:30,20:55,20:45,10,34,2.6,37,4.4,25
SWA,2707,1,ONT,DEN,B737,6:30,6:29,6:35,6,9:40,9:30,9:22,8,0,0,0,2.4,0
SWA,1197,1,ONT,DEN,B737,14:55,15:21,15:29,8,18:05,18:34,18:25,9,26,1.7,28,3.4,29
SWA,277,1,PDX,DEN,B738,6:05,6:22,6:34,12,9:35,9:42,9:34,8,17,3.8,21,2.4,7
SWA,350,1,PDX,DEN,B733,10:15,10:13,10:22,9,13:45,13:32,13:24,8,0,0.8,0,2.4,0
SWA,426,1,PDX,DEN,B733,12:20,12:20,12:29,9,15:50,15:43,15:36,7,0,0.8,1,1.4,0
SWA,3755,1,PDX,DEN,B737,14:15,14:44,14:51,7,17:45,17:59,17:53,6,29,0,28,0.4,14
SWA,662,1,PHL,DEN,B737,6:15,6:17,6:32,15,8:30,8:12,8:05,7,2,5.3,7,1.4,0
SWA,437,1,PHL,DEN,B737,11:50,11:46,12:14,28,14:00,13:54,13:45,9,0,18.3,14,3.4,0
SWA,840,1,PHL,DEN,B738,16:50,17:16,17:28,12,19:20,19:33,19:21,12,26,2.3,28,6.4,13
SWA,531,1,PHX,DEN,B737,6:00,6:00,6:12,12,8:45,8:39,8:31,8,0,4.7,5,2.4,0
SWA,565,1,PHX,DEN,B737,8:10,8:11,8:17,6,10:55,10:45,10:36,9,1,0,0,3.4,0
SWA,550,1,PHX,DEN,B737,9:05,9:04,9:16,12,11:55,11:43,11:34,9,0,4.7,4,3.4,0
SWA,522,1,PHX,DEN,B737,10:00,9:59,10:09,10,12:45,12:37,12:30,7,0,2.7,2,1.4,0
SWA,3789,1,PHX,DEN,B737,11:45,11:47,11:52,5,14:30,14:42,14:10,32,2,0,0,26.4,12
SWA,1611,1,PHX,DEN,B737,13:40,13:48,13:55,7,16:25,16:23,16:17,6,8,0,8,0.4,0
SWA,570,1,PHX,DEN,B733,16:00,16:26,16:35,9,18:40,19:42,19:15,27,26,1.7,28,21.4,62
SWA,519,1,PHX,DEN,B737,19:35,19:55,20:08,13,22:15,22:39,22:30,9,20,5.7,26,3.4,24
SWA,408,1,PHX,DEN,B733,17:50,20:07,20:16,9,20:30,22:49,22:43,6,137,1.7,139,0.4,139
SWA,755,1,PIT,DEN,B737,6:50,6:51,7:02,11,8:00,8:07,7:58,9,1,2.8,4,3.4,7
SWA,578,1,PVD,DEN,B737,6:40,6:42,6:55,13,9:10,9:20,8:58,22,2,5,7,16.4,10
SWA,698,1,RDU,DEN,B737,16:30,16:29,16:37,8,18:10,18:12,18:03,9,0,0.5,0,3.4,2
SWA,510,1,RNO,DEN,B737,6:25,6:26,6:34,8,9:35,9:21,9:14,7,1,0.2,1,1.4,0
SWA,1650,1,RNO,DEN,B737,13:40,13:46,13:53,7,16:45,16:50,16:44,6,6,0,5,0.4,5
SWA,2538,1,SAN,DEN,B737,7:25,7:24,7:33,9,10:40,10:32,10:26,6,0,0.7,0,0.4,0
SWA,602,1,SAN,DEN,B737,8:50,9:00,9:11,11,12:10,12:08,12:00,8,10,2.7,13,2.4,0
SWA,2174,1,SAN,DEN,B737,13:10,13:30,13:42,12,16:25,16:45,16:38,7,20,3.7,24,1.4,20
SWA,1727,1,SAN,DEN,B737,14:55,15:10,15:22,12,18:05,18:26,18:16,10,15,3.7,19,4.4,21
SWA,541,1,SAN,DEN,B737,17:55,18:58,19:10,12,21:10,22:12,22:03,9,63,3.7,67,3.4,62
SWA,159,1,SAT,DEN,B737,9:55,9:56,10:06,10,11:05,11:05,10:58,7,1,2.8,4,1.4,0
SWA,233,1,SAT,DEN,B733,13:45,14:17,14:24,7,15:00,15:24,15:17,7,32,0,32,1.4,24
SWA,691,1,SEA,DEN,B733,6:00,6:01,6:17,16,9:40,9:28,9:21,7,1,6.7,8,1.4,0
SWA,173,1,SEA,DEN,B738,11:05,11:12,11:21,9,14:40,14:30,14:23,7,7,0,7,1.4,0
SWA,314,1,SEA,DEN,B733,12:25,12:27,12:39,12,16:00,15:58,15:52,6,2,2.7,5,0.4,0
SWA,2878,1,SEA,DEN,B737,14:30,15:06,15:22,16,18:05,18:52,18:46,6,36,6.7,43,0.4,47
SWA,3519,1,SFO,DEN,B733,6:00,5:59,6:07,8,9:40,9:18,9:11,7,0,0,0,1.4,0
SWA,1994,1,SFO,DEN,B737,10:20,11:33,11:55,22,13:50,15:10,15:01,9,73,13.3,86,3.4,80
SWA,713,1,SFO,DEN,B737,14:45,14:38,14:57,19,18:10,18:05,17:57,8,0,10.3,3,2.4,0
SWA,359,1,SFO,DEN,B737,17:25,19:20,19:34,14,20:55,22:46,22:38,8,115,5.3,120,2.4,111
SWA,503,1,SJC,DEN,B737,6:45,6:47,6:54,7,10:10,10:02,9:55,7,2,0,2,1.4,0
SWA,3512,1,SJC,DEN,B737,10:50,10:50,10:59,9,14:20,14:07,13:59,8,0,1.7,2,2.4,0
SWA,523,1,SJC,DEN,B737,13:20,13:24,13:31,7,16:45,17:06,16:36,30,4,0,4,24.4,21
SWA,454,1,SJC,DEN,B737,18:35,19:20,19:28,8,22:00,22:42,22:34,8,45,0.7,46,2.4,42
SWA,446,1,SLC,DEN,B737,6:35,6:35,6:49,14,7:55,7:53,7:46,7,0,5,5,1.4,0
SWA,164,1,SLC,DEN,B737,9:50,9:50,10:03,13,11:20,11:09,11:02,7,0,4,4,1.4,0
SWA,203,1,SLC,DEN,B733,11:30,11:36,11:49,13,12:55,12:50,12:43,7,6,4,10,1.4,0
SWA,1505,1,SLC,DEN,B737,13:35,13:34,13:44,10,14:55,15:03,14:40,23,0,1,0,17.4,8
SWA,2952,1,SLC,DEN,B737,15:20,15:23,15:34,11,16:45,17:01,16:52,9,3,2,5,3.4,16
SWA,818,1,SLC,DEN,B737,16:40,16:42,16:50,8,18:05,18:10,17:46,24,2,0,1,18.4,5
SWA,123,1,SMF,DEN,B737,6:20,6:24,6:32,8,9:40,9:31,9:23,8,4,0.6,5,2.4,0
SWA,2883,1,SMF,DEN,B737,13:25,13:30,13:37,7,16:45,16:38,16:34,4,5,0,5,0,0
SWA,488,1,SMF,DEN,B737,16:20,16:38,16:50,12,19:40,19:52,19:42,10,18,4.6,23,4.4,12
SWA,2632,1,SNA,DEN,B737,7:35,7:36,7:45,9,10:50,10:38,10:30,8,1,2.3,3,2.4,0
SWA,3565,1,SNA,DEN,B737,10:50,10:55,11:01,6,14:05,13:54,13:47,7,5,0,4,1.4,0
SWA,686,1,SNA,DEN,B737,12:50,12:53,13:00,7,16:05,16:20,15:51,29,3,0.3,3,23.4,15
SWA,3867,1,SNA,DEN,B737,18:15,18:46,18:53,7,21:25,21:50,21:43,7,31,0.3,31,1.4,25
SWA,2010,1,STL,DEN,B737,6:35,6:32,6:45,13,7:55,7:49,7:41,8,0,5.6,3,2.4,0
SWA,517,1,STL,DEN,B737,11:30,14:11,14:19,8,12:45,15:17,15:11,6,161,0.6,162,0.4,152
SWA,458,1,STL,DEN,B733,15:50,17:53,18:03,10,17:10,19:29,19:10,19,123,2.6,126,13.4,139
SWA,455,1,STL,DEN,B737,18:35,19:22,19:36,14,19:50,20:33,20:26,7,47,6.6,54,1.4,43
SWA,424,1,TPA,DEN,B737,9:40,9:39,9:48,9,11:25,11:27,11:19,8,0,0.2,0,2.4,2
SWA,2181,1,TPA,DEN,B737,17:30,17:48,17:57,9,19:15,19:50,19:20,30,18,0.2,18,24.4,35
SWA,3051,1,TUL,DEN,B737,9:10,9:07,9:16,9,9:55,9:45,9:37,8,0,1.1,0,2.4,0
SWA,1898,1,TUL,DEN,B737,12:40,12:35,12:46,11,13:20,13:13,13:05,8,0,3.1,0,2.4,0
SWA,36,1,TUL,DEN,B733,18:05,18:07,18:13,6,18:45,19:06,18:57,9,2,0,0,3.4,21
SWA,2807,1,TUS,DEN,B737,9:40,9:42,9:55,13,12:25,12:34,12:25,9,2,5.5,8,3.4,9
SWA,2522,1,TUS,DEN,B737,13:40,16:03,16:09,6,16:30,18:57,18:51,6,143,0,142,0.4,147
TRS,490,1,ATL,DEN,B712,15:00,15:00,15:11,11,16:10,16:10,16:04,6,0,0.3,0,0,0
TRS,772,1,ATL,DEN,B712,21:15,21:27,21:45,18,22:28,22:56,22:45,11,12,7.3,19,4,28
TRS,133,0,DEN,ATL,B712,6:00,5:58,6:09,11,10:49,10:40,10:31,9,0,0,0,2.3,0
TRS,502,0,DEN,ATL,B712,16:50,16:48,16:59,11,21:39,21:30,21:22,8,0,0,0,1.3,0
UAL,1104,1,ANC,DEN,B738,23:53,0:29,0:55,26,7:02,7:35,7:29,6,36,15.1,51,0.4,33
UAL,529,1,ATL,DEN,A319,16:20,16:17,16:36,19,17:47,17:48,17:37,11,0,6.1,3,5.4,1
UAL,573,1,AUS,DEN,A319,8:20,8:21,8:32,11,9:32,9:33,9:26,7,1,1.1,2,1.4,1
UAL,570,1,BIL,DEN,A320,5:48,5:48,6:02,14,7:15,7:07,7:01,6,0,4.6,5,0.4,0
UAL,406,1,BIL,DEN,A319,13:20,13:18,13:26,8,14:52,14:47,14:41,6,0,0,0,0.4,0
UAL,488,1,BOI,DEN,A320,7:16,7:08,7:17,9,9:00,8:39,8:33,6,0,0,0,0.4,0
UAL,796,1,BOI,DEN,A320,14:01,14:09,14:21,12,15:47,15:52,15:48,4,8,2.8,11,0,5
UAL,339,1,BOS,DEN,B752,7:57,8:01,8:14,13,10:25,10:25,10:09,16,4,1.4,5,10.4,0
UAL,669,1,BOS,DEN,B752,10:11,10:11,10:42,31,12:37,12:56,12:48,8,0,19.4,19,2.4,19
UAL,779,1,BOS,DEN,B752,15:35,15:32,15:42,10,18:05,18:07,18:00,7,0,0,0,1.4,2
UAL,593,1,BOS,DEN,B752,18:10,18:39,18:50,11,20:40,20:58,20:49,9,29,0,28,3.4,18
UAL,781,1,BWI,DEN,B752,7:34,8:10,8:24,14,9:20,9:51,9:45,6,36,4.4,40,0.4,31
UAL,1018,1,BWI,DEN,B739,12:38,12:41,12:56,15,14:25,14:46,14:40,6,3,5.4,8,0.4,21
UAL,1521,1,BWI,DEN,B739,16:17,16:49,16:57,8,18:14,18:39,18:32,7,32,0,30,1.4,25
UAL,1671,1,CLE,DEN,B738,9:03,9:09,9:19,10,10:25,10:23,10:16,7,6,0,6,1.4,0
UAL,1281,1,CLE,DEN,B739,16:39,16:35,16:43,8,17:54,17:46,17:38,8,0,0,0,2.4,0
UAL,319,1,CMH,DEN,A319,16:01,16:02,16:11,9,17:10,17:02,16:56,6,1,0,0,0.4,0
UAL,289,1,DCA,DEN,B752,17:15,17:33,17:54,21,19:08,19:32,19:23,9,18,10.3,28,3.4,24
UAL,1269,0,DEN,ANC,B738,19:22,20:03,20:17,14,23:02,23:28,23:23,5,41,2.9,44,1.2,26
UAL,495,0,DEN,ATL,A319,10:35,10:30,10:48,18,15:35,15:20,15:15,5,0,6.9,2,0,0
UAL,579,0,DEN,BIL,A319,11:11,11:19,11:29,10,12:35,12:43,12:40,3,8,0,7,0,8
UAL,720,0,DEN,BIL,A320,22:28,22:25,22:35,10,23:55,23:48,23:44,4,0,0,0,0,0
UAL,677,0,DEN,BOI,A320,11:25,11:29,11:41,12,13:16,13:20,13:15,5,4,0.9,5,2,4
UAL,453,0,DEN,BOI,A319,18:39,18:49,19:02,13,20:31,20:36,20:34,2,10,1.9,12,0,5
UAL,784,0,DEN,BOI,A320,22:01,22:32,22:43,11,23:58,0:18,0:15,3,31,0,31,0,20
UAL,439,0,DEN,BOS,B752,7:49,7:45,7:56,11,13:37,13:37,13:30,7,0,0,0,2.2,0
UAL,363,0,DEN,BOS,A320,10:20,10:22,10:39,17,16:17,16:21,16:15,6,2,5.9,8,1.2,4
UAL,386,0,DEN,BOS,B752,13:02,13:45,13:57,12,18:55,19:18,19:11,7,43,0.9,44,2.2,23
UAL,561,0,DEN,BOS,A320,16:04,16:04,16:15,11,22:01,21:37,21:32,5,0,0,0,0.2,0
UAL,1510,0,DEN,BWI,B739,8:28,8:24,8:36,12,13:48,13:51,13:46,5,0,0.9,0,1.1,3
UAL,1289,0,DEN,BWI,B739,10:06,10:15,10:35,20,15:26,15:56,15:52,4,9,8.9,18,0.1,30
UAL,475,0,DEN,BWI,A319,17:59,17:55,18:09,14,23:21,23:03,22:59,4,0,2.9,0,0.1,0
UAL,708,0,DEN,BWI,A320,19:20,20:02,20:13,11,0:42,0:59,0:55,4,42,0,42,0.1,17
UAL,247,0,DEN,BZN,A319,22:00,21:56,22:07,11,23:42,23:28,23:24,4,0,0,0,0,0
UAL,611,0,DEN,CLE,A320,9:58,11:09,11:20,11,14:49,15:46,15:36,10,71,0,71,5,57
UAL,796,0,DEN,CLE,A320,17:19,17:45,17:55,10,22:11,22:18,22:12,6,26,0,25,1,7
UAL,410,0,DEN,CMH,A319,10:20,10:20,10:40,20,15:04,15:17,15:10,7,0,8.9,9,3.2,13
UAL,484,0,DEN,DCA,B752,11:03,11:01,11:19,18,16:20,16:31,16:24,7,0,6.9,5,3.7,11
UAL,10,0,DEN,DFW,B739,10:05,10:05,10:51,46,12:56,13:29,13:14,15,0,34.9,35,9.5,33
UAL,1492,0,DEN,DFW,B738,15:59,16:05,16:18,13,18:55,18:57,18:43,14,6,1.9,8,8.5,2
UAL,791,0,DEN,DSM,A320,9:55,10:15,10:30,15,12:33,12:42,12:39,3,20,3.9,24,0,9
UAL,679,0,DEN,DSM,A319,15:39,15:36,15:50,14,18:13,18:25,18:02,23,0,2.9,0,19.9,12
UAL,538,0,DEN,DSM,A319,20:48,20:50,21:03,13,23:22,23:20,23:14,6,2,1.9,4,2.9,0
UAL,1444,0,DEN,EWR,B738,5:48,5:49,6:06,17,11:30,11:48,11:39,9,1,5.9,7,3.4,18
UAL,1105,0,DEN,EWR,B738,8:17,8:21,8:38,17,13:59,14:20,14:08,12,4,5.9,10,6.4,21
UAL,1659,0,DEN,EWR,B738,9:52,9:53,10:03,10,15:51,15:55,15:43,12,1,0,0,6.4,4
UAL,1292,0,DEN,EWR,B752,12:35,12:51,13:19,28,18:34,18:35,18:21,14,16,16.9,33,8.4,1
UAL,1625,0,DEN,EWR,B738,13:29,13:49,14:01,12,19:28,19:24,19:02,22,20,0.9,21,16.4,0
UAL,1481,0,DEN,EWR,B737,15:56,15:55,16:07,12,21:30,21:24,21:11,13,0,0.9,0,7.4,0
UAL,343,0,DEN,EWR,A319,17:39,18:29,18:42,13,23:12,23:48,23:42,6,50,1.9,52,0.4,36
UAL,1117,0,DEN,EWR,B738,19:41,20:02,20:15,13,1:15,1:21,1:14,7,21,1.9,23,1.4,6
UAL,1480,0,DEN,FAI,B738,19:30,19:30,19:41,11,23:02,22:56,22:50,6,0,0,0,2.8,0
UAL,362,0,DEN,FSD,A319,10:00,10:16,10:29,13,12:28,12:39,12:33,6,16,1.9,18,2.1,11
UAL,675,0,DEN,GEG,A319,11:22,11:38,11:49,11,12:38,12:55,12:52,3,16,0,16,0,17
UAL,583,0,DEN,GEG,A320,21:51,22:19,22:32,13,23:08,23:29,23:24,5,28,1.9,30,0.3,21
UAL,398,0,DEN,GRR,A320,9:54,9:53,10:04,11,14:23,14:05,14:01,4,0,0,0,0.1,0
UAL,328,0,DEN,HNL,B752,9:18,9:15,9:28,13,12:43,12:24,12:19,5,0,1.9,0,1.8,0
UAL,394,0,DEN,IAD,B752,6:15,6:10,6:21,11,11:27,11:31,11:25,6,0,0,0,1.2,4
UAL,581,0,DEN,IAD,A319,8:24,8:22,8:34,12,13:40,13:31,13:22,9,0,0.9,0,4.2,0
UAL,1706,0,DEN,IAD,B738,10:27,10:48,11:11,23,15:47,16:29,16:19,10,21,11.9,33,5.2,42
UAL,1184,0,DEN,IAD,B738,11:17,11:19,11:44,25,16:37,17:05,16:49,16,2,13.9,16,11.2,28
UAL,490,0,DEN,IAD,A319,14:41,14:53,15:07,14,20:05,20:04,19:56,8,12,2.9,15,3.2,0
UAL,924,0,DEN,IAD,B752,15:55,16:08,16:21,13,21:16,21:18,21:09,9,13,1.9,15,4.2,2
UAL,317,0,DEN,IAD,A319,17:58,18:04,18:24,20,23:22,23:09,23:06,3,6,8.9,15,0,0
UAL,658,0,DEN,IAD,A320,19:46,20:03,20:18,15,1:02,1:06,1:01,5,17,3.9,21,0.2,4
UAL,385,0,DEN,IAH,B752,5:42,5:41,5:55,14,9:14,8:57,8:47,10,0,2.9,2,5,0
UAL,1016,0,DEN,IAH,B738,7:00,6:59,7:11,12,10:25,10:07,9:59,8,0,0.9,0,3,0
UAL,1070,0,DEN,IAH,B739,8:41,8:43,9:00,17,12:06,12:13,12:07,6,2,5.9,8,1,7
UAL,1619,0,DEN,IAH,B753,10:02,10:06,10:17,11,13:25,13:32,13:27,5,4,0,4,0,7
UAL,1737,0,DEN,IAH,B739,11:20,11:20,11:39,19,14:45,14:39,14:28,11,0,7.9,8,6,0
UAL,321,0,DEN,IAH,B752,13:09,13:07,13:21,14,16:40,16:11,16:07,4,0,2.9,1,0,0
UAL,1588,0,DEN,IAH,B739,14:40,14:45,14:59,14,18:09,17:50,17:43,7,5,2.9,8,2,0
UAL,1247,0,DEN,IAH,B739,16:41,17:07,17:22,15,20:10,20:20,20:06,14,26,3.9,30,9,10
UAL,1288,0,DEN,IAH,B735,17:37,20:17,20:35,18,21:02,23:29,23:22,7,160,6.9,167,2,147
UAL,1742,0,DEN,IAH,B739,19:52,1:04,1:14,10,23:08,4:06,3:56,10,312,0,311,5,298
UAL,776,0,DEN,ICT,A319,10:20,10:33,10:54,21,12:40,12:55,12:50,5,13,9.9,23,0.6,15
UAL,443,0,DEN,ICT,A320,20:43,22:45,22:53,8,23:03,0:47,0:44,3,122,0,119,0,104
UAL,388,0,DEN,JAC,B752,11:20,11:23,11:39,16,12:40,12:49,12:45,4,3,4.9,8,1,9
UAL,644,0,DEN,JAC,A320,15:10,15:09,15:22,13,16:34,16:29,16:26,3,0,1.9,1,0,0
UAL,529,0,DEN,JAC,A320,19:33,19:31,19:43,12,20:56,20:52,20:48,4,0,0.9,0,1,0
UAL,243,0,DEN,LAS,A320,8:00,7:56,8:03,7,8:55,8:36,8:30,6,0,0,0,0.3,0
UAL,1018,0,DEN,LAS,B739,15:17,15:34,15:43,9,16:12,16:20,16:12,8,17,0,15,2.3,8
UAL,779,0,DEN,LAS,B752,19:10,19:13,19:25,12,20:06,20:00,19:53,7,3,0.9,4,1.3,0
UAL,988,0,DEN,LAX,A320,8:27,8:25,8:37,12,9:56,9:38,9:30,8,0,0.9,0,2.1,0
UAL,781,0,DEN,LAX,B752,10:26,10:44,10:55,11,11:52,11:55,11:48,7,18,0,18,1.1,3
UAL,227,0,DEN,LAX,A320,11:50,11:55,12:13,18,13:17,13:16,13:10,6,5,6.9,12,0.1,0
UAL,379,0,DEN,LAX,A320,14:40,14:58,15:24,26,16:09,16:34,16:23,11,18,14.9,33,5.1,25
UAL,731,0,DEN,LAX,A319,15:23,15:23,15:35,12,16:50,16:43,16:35,8,0,0.9,1,2.1,0
UAL,235,0,DEN,LAX,A320,17:59,17:59,18:12,13,19:25,19:20,19:12,8,0,1.9,2,2.1,0
UAL,289,0,DEN,LAX,B752,19:50,20:00,20:13,13,21:21,21:13,21:08,5,10,1.9,12,0,0
UAL,1521,0,DEN,LAX,B738,21:35,22:12,22:25,13,23:04,23:39,23:21,18,37,1.9,39,12.1,35
UAL,358,0,DEN,LGA,B752,8:27,8:25,8:42,17,14:04,14:17,14:08,9,0,5.9,4,5,13
UAL,310,0,DEN,LGA,B752,10:35,10:32,10:43,11,16:12,16:29,16:21,8,0,0,0,4,17
UAL,415,0,DEN,LGA,B752,14:32,14:40,14:51,11,20:09,20:07,19:52,15,8,0,8,11,0
UAL,406,0,DEN,LGA,B752,16:55,17:03,17:15,12,22:30,22:19,22:16,3,8,0.9,9,0,0
UAL,671,0,DEN,LGA,B752,17:50,18:07,18:28,21,23:27,23:47,23:27,20,17,9.9,27,16,20
UAL,556,0,DEN,MCI,A319,7:55,7:56,8:09,13,10:31,10:25,10:20,5,1,1.9,3,0,0
UAL,738,0,DEN,MCO,A320,7:51,7:57,8:08,11,13:21,13:16,13:11,5,6,0,6,0.6,0
UAL,802,0,DEN,MCO,A320,10:09,10:09,10:30,21,15:45,15:46,15:42,4,0,9.9,10,0,1
UAL,716,0,DEN,MCO,A320,12:54,12:53,13:12,19,18:30,18:28,18:22,6,0,7.9,7,1.6,0
UAL,622,0,DEN,MSP,A320,10:38,10:39,10:54,15,13:33,13:28,13:24,4,1,3.9,5,0.3,0
UAL,740,0,DEN,MSY,A320,10:35,10:32,10:55,23,14:10,14:48,13:57,51,0,11.9,9,47.8,38
UAL,637,0,DEN,MSY,A319,13:00,12:53,13:05,12,16:40,16:20,16:13,7,0,0.9,0,3.8,0
UAL,730,0,DEN,OKC,A319,13:50,13:44,13:53,9,16:24,16:03,15:59,4,0,0,0,0.2,0
UAL,849,0,DEN,OKC,A319,15:56,16:01,16:11,10,18:29,18:20,18:17,3,5,0,4,0,0
UAL,377,0,DEN,OKC,A320,20:14,20:21,20:37,16,22:52,22:48,22:44,4,7,4.9,12,0.2,0
UAL,624,0,DEN,OMA,A320,9:54,9:56,10:06,10,12:16,12:11,12:07,4,2,0,1,0,0
UAL,572,0,DEN,OMA,A319,19:48,20:37,20:49,12,22:14,22:54,22:51,3,49,0.9,50,0,40
UAL,739,0,DEN,ONT,B752,12:14,12:10,12:23,13,13:28,13:16,13:13,3,0,1.9,0,0.2,0
UAL,197,0,DEN,ONT,B738,21:57,22:20,22:33,13,23:09,23:31,23:25,6,23,1.9,25,3.2,22
UAL,532,0,DEN,ORD,A319,5:44,5:41,5:52,11,9:06,9:19,8:57,22,0,0,0,16.4,13
UAL,570,0,DEN,ORD,B772,8:46,8:45,9:03,18,12:05,11:52,11:50,2,0,6.9,6,0,0
UAL,618,0,DEN,ORD,A320,10:01,10:59,11:47,48,13:23,14:58,14:41,17,58,36.9,95,11.4,95
UAL,488,0,DEN,ORD,A320,11:03,11:53,12:05,12,14:25,15:15,15:04,11,50,0.9,51,5.4,50
UAL,908,0,DEN,ORD,B752,12:39,13:17,13:29,12,16:00,16:29,16:19,10,38,0.9,39,4.4,29
UAL,940,0,DEN,ORD,B752,13:32,14:15,14:31,16,16:53,17:41,17:27,14,43,4.9,48,8.4,48
UAL,938,0,DEN,ORD,B752,15:56,16:00,16:15,15,19:17,19:14,19:11,3,4,3.9,8,0,0
UAL,254,0,DEN,ORD,A320,17:43,17:43,17:57,14,21:05,21:15,20:52,23,0,2.9,3,17.4,10
UAL,256,0,DEN,ORD,A320,20:13,21:40,21:51,11,23:35,0:43,0:37,6,87,0,87,0.4,68
UAL,258,0,DEN,ORD,B752,21:50,21:47,21:57,10,1:01,0:52,0:46,6,0,0,0,0.4,0
UAL,795,0,DEN,PDX,A320,7:52,7:49,7:59,10,9:29,9:24,9:17,7,0,0,0,2.5,0
UAL,1671,0,DEN,PDX,B738,11:15,11:16,11:32,16,12:50,12:55,12:50,5,1,4.9,6,0.5,5
UAL,669,0,DEN,PDX,A320,15:25,15:49,16:10,21,17:05,17:18,17:16,2,24,9.9,34,0,13
UAL,1660,0,DEN,PDX,,18:54,18:51,19:08,17,20:29,20:35,20:30,5,0,5.9,3,0.5,6
UAL,6660,0,DEN,PDX,B739,18:54,18:57,19:08,11,20:29,20:28,20:25,3,4,0,4,0,0
UAL,1722,0,DEN,PDX,B738,21:57,22:02,22:15,13,23:32,23:32,23:29,3,5,1.9,7,0,0
UAL,264,0,DEN,PHL,B752,9:54,9:54,10:07,13,15:28,15:30,15:25,5,0,1.9,2,0,2
UAL,340,0,DEN,PHL,B752,19:47,21:04,21:16,12,1:15,2:18,2:08,10,77,0.9,78,4.9,63
UAL,329,0,DEN,PHX,A320,19:15,19:35,19:46,11,20:08,20:21,20:12,9,20,0,20,4.9,13
UAL,648,0,DEN,PIT,A320,9:53,10:06,10:18,12,14:49,15:09,15:04,5,13,0.9,14,0.5,20
UAL,295,0,DEN,RNO,A320,11:59,12:02,12:16,14,13:13,13:09,13:03,6,3,2.9,6,1.2,0
UAL,296,0,DEN,RNO,A319,18:58,19:50,20:03,13,20:20,20:55,20:51,4,52,1.9,54,0,35
UAL,1636,0,DEN,SAN,B738,7:55,8:28,8:49,21,9:18,9:49,9:46,3,33,9.9,43,0.9,31
UAL,573,0,DEN,SAN,B752,11:20,11:41,11:55,14,12:34,12:56,12:54,2,21,2.9,24,0,22
UAL,630,0,DEN,SAN,B752,18:58,18:59,19:11,12,20:21,20:13,20:11,2,1,0.9,2,0,0
UAL,1058,0,DEN,SAN,B739,21:55,22:25,22:44,19,23:12,23:46,23:43,3,30,7.9,38,0.9,34
UAL,1529,0,DEN,SAT,B738,20:35,20:33,20:44,11,23:41,23:27,23:23,4,0,0,0,0.7,0
UAL,586,0,DEN,SEA,A320,8:17,10:41,10:52,11,10:11,12:20,12:11,9,144,0,144,3.4,129
UAL,339,0,DEN,SEA,B752,11:15,11:15,11:27,12,12:58,12:50,12:46,4,0,0.9,1,0,0
UAL,1017,0,DEN,SEA,B739,15:37,15:45,15:59,14,17:24,17:20,17:14,6,8,2.9,11,0.4,0
UAL,652,0,DEN,SEA,A319,17:24,17:27,17:40,13,19:14,19:09,19:05,4,3,1.9,5,0,0
UAL,407,0,DEN,SEA,B752,18:58,21:53,22:06,13,20:48,23:27,23:24,3,175,1.9,177,0,159
UAL,1214,0,DEN,SEA,B739,22:01,1:31,1:41,10,23:50,3:11,3:01,10,210,0,209,4.4,201
UAL,989,0,DEN,SFO,A320,5:53,5:51,6:03,12,7:30,7:17,7:12,5,0,0.9,0,0.5,0
UAL,653,0,DEN,SFO,B752,8:15,9:16,9:37,21,10:06,10:56,10:45,11,61,9.9,71,6.5,50
UAL,489,0,DEN,SFO,B752,8:00,9:34,10:06,32,9:52,11:37,11:14,23,94,20.9,115,18.5,105
UAL,327,0,DEN,SFO,B752,10:12,11:06,11:19,13,12:03,12:40,12:36,4,54,1.9,56,0,37
UAL,1528,0,DEN,SFO,B753,11:20,11:38,11:49,11,12:56,12:59,12:51,8,18,0,18,3.5,3
UAL,866,0,DEN,SFO,A319,14:40,14:36,15:14,38,16:21,16:30,16:23,7,0,26.9,23,2.5,9
UAL,994,0,DEN,SFO,B752,15:33,15:50,16:01,11,17:12,17:20,17:07,13,17,0,17,8.5,8
UAL,560,0,DEN,SFO,A320,16:43,16:41,16:55,14,18:24,18:13,18:05,8,0,2.9,1,3.5,0
UAL,772,0,DEN,SFO,A320,17:40,18:07,18:21,14,19:21,19:39,19:27,12,27,2.9,30,7.5,18
UAL,1485,0,DEN,SFO,B753,18:58,19:04,19:16,12,20:34,20:31,20:23,8,6,0.9,7,3.5,0
UAL,423,0,DEN,SFO,B752,21:52,23:18,23:28,10,23:31,1:10,0:36,34,86,0,85,29.5,99
UAL,527,0,DEN,SJC,A320,11:12,11:17,11:29,12,12:45,12:38,12:35,3,5,0.9,6,0,0
UAL,723,0,DEN,SJC,B752,18:40,18:45,19:00,15,20:15,20:06,20:04,2,5,3.9,9,0,0
UAL,311,0,DEN,SMF,A320,11:55,12:03,12:15,12,13:23,13:19,13:15,4,8,0.9,9,0.3,0
UAL,1179,0,DEN,SMF,B739,19:15,19:38,19:49,11,20:44,20:51,20:47,4,23,0,23,0.3,7
UAL,1469,0,DEN,SNA,B737,12:51,13:02,13:15,13,14:08,14:17,14:12,5,11,1.9,13,0.4,9
UAL,405,0,DEN,SNA,A320,15:39,15:38,15:56,18,17:00,16:56,16:51,5,0,6.9,6,0.4,0
UAL,312,0,DEN,SNA,B752,19:03,19:40,19:51,11,20:25,20:49,20:44,5,37,0,37,0.4,24
UAL,741,0,DEN,TPA,A320,9:59,9:55,10:09,14,15:32,15:10,15:06,4,0,2.9,0,0.7,0
UAL,318,0,DEN,TUL,A319,19:48,20:33,20:42,9,22:25,22:57,22:54,3,45,0,43,0.1,32
UAL,327,1,DFW,DEN,A319,8:31,8:24,8:39,15,9:34,9:25,9:18,7,0,3.7,0,1.4,0
UAL,723,1,DFW,DEN,A319,16:39,17:49,18:05,16,18:00,19:10,19:01,9,70,4.7,75,3.4,70
UAL,1722,1,DFW,DEN,B738,19:45,19:42,19:58,16,20:55,20:43,20:33,10,0,4.7,2,4.4,0
UAL,988,1,DSM,DEN,A319,6:05,6:00,6:11,11,6:58,6:42,6:36,6,0,1.4,0,0.4,0
UAL,866,1,DSM,DEN,A320,13:18,13:28,13:38,10,14:06,14:10,14:04,6,10,0.4,10,0.4,4
UAL,423,1,DSM,DEN,A319,19:00,19:04,19:21,17,19:58,19:57,19:49,8,4,7.4,11,2.4,0
UAL,739,1,EWR,DEN,A320,6:54,8:09,8:43,34,9:13,10:33,10:25,8,75,20.8,96,2.4,80
UAL,1469,1,EWR,DEN,B752,8:50,9:17,9:58,41,11:13,11:47,11:39,8,27,27.8,55,2.4,34
UAL,1404,1,EWR,DEN,B739,11:30,11:31,11:52,21,13:45,13:46,13:38,8,1,7.8,9,2.4,1
UAL,1017,1,EWR,DEN,B737,12:30,12:36,12:52,16,14:45,14:51,14:43,8,6,2.8,9,2.4,6
UAL,329,1,EWR,DEN,B752,15:38,15:42,16:04,22,17:49,17:57,17:52,5,4,8.8,13,0,8
UAL,197,1,EWR,DEN,B739,17:25,17:37,18:03,26,19:51,20:08,19:56,12,12,12.8,25,6.4,17
UAL,985,1,EWR,DEN,B752,18:25,18:55,19:56,61,20:55,21:48,21:39,9,30,47.8,78,3.4,53
UAL,302,1,EWR,DEN,A320,20:27,20:28,20:58,30,23:07,22:49,22:41,8,1,16.8,18,2.4,0
UAL,1720,1,FAI,DEN,B738,23:52,0:29,0:43,14,7:12,7:23,7:16,7,37,4.5,42,1.4,11
UAL,560,1,FSD,DEN,A319,13:14,13:18,13:24,6,13:51,13:39,13:33,6,4,0,0,0.4,0
UAL,791,1,GEG,DEN,A320,6:03,6:00,6:16,16,9:14,9:06,8:59,7,0,5.2,2,1.4,0
UAL,538,1,GEG,DEN,A319,13:27,13:37,13:49,12,16:39,16:54,16:48,6,10,1.2,11,0.4,15
UAL,440,1,HNL,DEN,B752,21:00,21:07,21:31,24,7:44,7:48,7:40,8,7,9.1,16,2.4,4
UAL,653,1,IAD,DEN,B752,6:00,6:50,7:00,10,7:43,8:23,8:14,9,50,0,48,3.4,40
UAL,527,1,IAD,DEN,B752,8:32,8:27,8:40,13,10:25,10:13,9:49,24,0,1.3,0,18.4,0
UAL,994,1,IAD,DEN,A320,12:32,12:30,12:43,13,14:17,14:06,14:01,5,0,1.3,0,0,0
UAL,1485,1,IAD,DEN,B738,15:55,16:54,17:12,18,17:48,19:07,18:57,10,59,6.3,65,4.4,79
UAL,1660,1,IAD,DEN,B735,14:47,17:21,17:53,32,16:49,19:39,19:29,10,154,20.3,174,4.4,170
UAL,1240,1,IAD,DEN,B738,16:54,17:26,17:46,20,19:01,19:28,19:18,10,32,8.3,40,4.4,27
UAL,939,1,IAD,DEN,A319,19:00,18:58,19:08,10,20:53,20:38,20:29,9,0,0,0,3.4,0
UAL,554,1,IAD,DEN,B752,22:10,22:10,22:28,18,23:53,23:58,23:51,7,0,6.3,6,1.4,5
UAL,1636,1,IAH,DEN,B739,5:45,5:45,5:59,14,7:04,7:22,7:10,12,0,3.1,3,6.4,18
UAL,1420,1,IAH,DEN,B753,7:24,7:23,7:36,13,8:55,8:47,8:38,9,0,2.1,1,3.4,0
UAL,1528,1,IAH,DEN,B739,8:52,8:49,9:09,20,10:25,10:20,10:13,7,0,9.1,6,1.4,0
UAL,644,1,IAH,DEN,B752,11:58,11:55,12:07,12,13:28,13:18,13:12,6,0,1.1,0,0.4,0
UAL,772,1,IAH,DEN,B752,13:03,13:05,13:29,24,14:28,14:42,14:35,7,2,13.1,15,1.4,14
UAL,1288,1,IAH,DEN,B739,14:15,14:49,15:02,13,15:46,16:02,15:57,5,34,2.1,36,0,16
UAL,1480,1,IAH,DEN,B738,15:38,15:59,16:20,21,17:14,17:29,17:23,6,21,10.1,31,0.4,15
UAL,1214,1,IAH,DEN,B738,19:19,20:01,20:17,16,20:55,21:28,21:21,7,42,5.1,47,1.4,33
UAL,272,1,IAH,DEN,A320,17:49,20:53,21:04,11,19:28,22:17,22:08,9,184,0.1,184,3.4,169
UAL,1490,1,IAH,DEN,B738,21:14,21:26,21:42,16,22:39,22:52,22:42,10,12,5.1,17,4.4,13
UAL,697,1,ICT,DEN,A320,6:40,6:39,6:50,11,7:11,6:57,6:50,7,0,1.1,0,1.4,0
UAL,731,1,ICT,DEN,A319,13:25,13:38,13:46,8,13:56,14:01,13:55,6,13,0,11,0.4,5
UAL,362,1,JAC,DEN,A320,7:45,7:38,7:51,13,9:08,8:54,8:47,7,0,2,0,1.4,0
UAL,254,1,JAC,DEN,B752,13:35,13:37,13:54,17,15:01,14:55,14:49,6,2,6,8,0.4,0
UAL,235,1,JAC,DEN,A319,14:47,15:11,15:20,9,16:13,16:46,16:41,5,24,0,22,0,33
UAL,993,1,JAC,DEN,A320,17:19,17:15,17:25,10,18:45,18:33,18:27,6,0,0,0,0.4,0
UAL,321,1,LAS,DEN,A320,7:32,7:30,7:41,11,10:29,10:08,10:02,6,0,0,0,0.4,0
UAL,561,1,LAS,DEN,A320,10:59,11:00,11:15,15,13:50,13:41,13:36,5,1,3,4,0,0
UAL,437,1,LAS,DEN,B752,16:00,16:01,16:25,24,18:51,19:03,18:56,7,1,12,13,1.4,12
UAL,247,1,LAS,DEN,A320,18:12,18:48,19:05,17,21:06,21:31,21:24,7,36,5,41,1.4,25
UAL,1737,1,LAX,DEN,B753,6:01,6:07,6:25,18,9:14,9:21,9:14,7,6,6.4,12,1.4,7
UAL,637,1,LAX,DEN,B752,6:51,6:46,7:03,17,10:09,10:00,9:54,6,0,5.4,0,0.4,0
UAL,716,1,LAX,DEN,B752,8:27,8:24,8:43,19,11:44,11:35,11:30,5,0,7.4,4,0,0
UAL,475,1,LAX,DEN,A320,11:30,11:43,12:00,17,14:48,15:09,15:03,6,13,5.4,18,0.4,21
UAL,317,1,LAX,DEN,B752,12:43,12:55,13:14,19,16:00,16:06,16:01,5,12,7.4,19,0,6
UAL,443,1,LAX,DEN,B752,15:20,17:03,17:17,14,18:37,20:12,20:06,6,103,2.4,105,0.4,95
UAL,750,1,LAX,DEN,A320,16:54,17:32,17:43,11,20:12,20:37,20:31,6,38,0,37,0.4,25
UAL,798,1,LAX,DEN,A320,18:40,18:39,18:51,12,21:53,21:48,21:41,7,0,0.4,0,1.4,0
UAL,311,1,LGA,DEN,B752,7:00,7:03,7:42,39,9:18,9:43,9:37,6,3,26.8,30,0.4,25
UAL,323,1,LGA,DEN,B752,8:02,8:19,8:54,35,10:24,10:42,10:36,6,17,22.8,40,0.4,18
UAL,405,1,LGA,DEN,B752,9:37,9:39,10:00,21,12:00,11:45,11:40,5,2,8.8,11,0,0
UAL,296,1,LGA,DEN,B752,15:10,15:23,15:51,28,17:38,17:44,17:37,7,13,15.8,29,1.4,6
UAL,509,1,LGA,DEN,B752,17:31,17:48,18:11,23,19:54,20:16,20:08,8,17,10.8,28,2.4,22
UAL,674,1,MCI,DEN,A319,11:16,11:14,11:21,7,12:01,11:50,11:43,7,0,0,0,1.4,0
UAL,701,1,MCI,DEN,A320,17:15,18:07,18:14,7,18:09,18:45,18:39,6,52,0,46,0.4,36
UAL,1664,1,MCO,DEN,B738,10:48,10:58,11:12,14,12:39,12:48,12:42,6,10,2.4,12,0.4,9
UAL,829,1,MCO,DEN,B752,15:23,15:24,15:46,22,17:10,17:22,17:15,7,1,10.4,11,1.4,12
UAL,1058,1,MCO,DEN,B738,18:42,19:02,19:24,22,20:40,21:24,21:16,8,20,10.4,30,2.4,44
UAL,243,1,MSP,DEN,A320,5:55,8:00,8:18,18,6:58,9:01,8:55,6,125,6.8,132,0.4,123
UAL,227,1,MSP,DEN,A320,8:13,8:09,8:23,14,9:16,9:12,9:03,9,0,2.8,0,3.4,0
UAL,707,1,MSY,DEN,A320,8:39,8:35,8:46,11,10:25,10:34,10:19,15,0,1.8,0,9.4,9
UAL,630,1,MSY,DEN,A320,14:56,15:41,15:53,12,16:42,17:26,17:20,6,45,2.8,48,0.4,44
UAL,328,1,OKC,DEN,A320,6:22,6:15,6:25,10,6:58,6:47,6:41,6,0,0.6,0,0.4,0
UAL,453,1,OKC,DEN,A319,17:05,16:57,17:14,17,17:48,17:42,17:32,10,0,7.6,0,4.4,0
UAL,248,1,OKC,DEN,A319,19:14,19:08,19:17,9,20:00,19:36,19:28,8,0,0,0,2.4,0
UAL,681,1,OMA,DEN,A319,8:46,8:42,8:51,9,9:25,9:13,9:05,8,0,0,0,2.4,0
UAL,741,1,ONT,DEN,B752,5:54,5:52,6:02,10,9:05,8:52,8:44,8,0,0.1,0,2.4,0
UAL,256,1,ONT,DEN,B752,14:50,14:42,14:52,10,18:00,17:51,17:44,7,0,0.1,0,1.4,0
UAL,1412,1,ORD,DEN,B738,22:56,23:41,23:53,12,0:28,1:02,0:52,10,45,0.7,46,4.4,34
UAL,586,1,ORD,DEN,B752,5:48,5:47,6:03,16,7:20,7:25,7:17,8,0,4.7,4,2.4,5
UAL,675,1,ORD,DEN,A320,7:55,7:56,8:30,34,9:35,9:53,9:46,7,1,22.7,24,1.4,18
UAL,677,1,ORD,DEN,A320,8:50,9:22,10:05,43,10:31,11:20,11:10,10,32,31.7,64,4.4,49
UAL,379,1,ORD,DEN,A320,10:00,10:24,10:38,14,11:40,11:52,11:44,8,24,2.7,27,2.4,12
UAL,929,1,ORD,DEN,A320,12:18,13:45,14:12,27,13:52,15:23,15:19,4,87,15.7,103,0,91
UAL,909,1,ORD,DEN,B752,15:33,15:44,15:59,15,17:14,17:16,17:07,9,11,3.7,15,3.4,2
UAL,583,1,ORD,DEN,A320,17:49,18:02,18:32,30,19:29,19:43,19:36,7,13,18.7,32,1.4,14
UAL,784,1,ORD,DEN,B772,18:55,19:18,19:49,31,20:36,21:07,20:57,10,23,19.7,43,4.4,31
UAL,720,1,ORD,DEN,A320,20:15,20:28,20:43,15,21:57,22:00,21:49,11,13,3.7,17,5.4,3
UAL,1619,1,PDX,DEN,B738,5:26,5:33,5:45,12,8:54,8:51,8:45,6,7,0,6,0.4,0
UAL,415,1,PDX,DEN,A320,7:24,7:27,7:39,12,10:58,10:44,10:38,6,3,0,2,0.4,0
UAL,849,1,PDX,DEN,A319,11:41,12:00,12:09,9,15:11,15:12,15:06,6,19,0,15,0.4,1
UAL,572,1,PDX,DEN,A320,15:18,15:35,15:45,10,18:48,19:18,19:10,8,17,0,14,2.4,30
UAL,1014,1,PDX,DEN,B739,17:38,21:24,21:32,8,21:06,0:42,0:35,7,226,0,221,1.4,216
UAL,400,1,PHL,DEN,A319,8:20,8:15,8:49,34,10:26,10:39,10:21,18,0,22.1,17,12.4,13
UAL,1027,1,PHL,DEN,B739,18:29,18:37,19:25,48,20:51,21:13,21:02,11,8,36.1,44,5.4,22
UAL,611,1,PHX,DEN,A320,6:05,6:00,6:14,14,8:47,8:43,8:34,9,0,3.7,0,3.4,0
UAL,376,1,PHX,DEN,A320,15:57,15:56,16:16,20,18:45,19:18,19:12,6,0,9.7,9,0.4,33
UAL,407,1,PIT,DEN,A319,16:27,16:48,17:02,14,17:54,18:12,18:04,8,21,3,24,2.4,18
UAL,740,1,RNO,DEN,A320,5:50,5:47,6:06,19,9:01,8:51,8:44,7,0,8.7,6,1.4,0
UAL,676,1,RNO,DEN,A320,13:58,13:51,14:06,15,17:07,17:10,17:03,7,0,4.7,0,1.4,3
UAL,1706,1,SAN,DEN,B738,6:18,6:23,6:34,11,9:37,9:48,9:24,24,5,0.5,6,18.4,11
UAL,679,1,SAN,DEN,B752,11:44,12:03,12:16,13,14:58,15:13,15:08,5,19,2.5,22,0,15
UAL,484,1,SAN,DEN,B752,7:00,13:24,13:39,15,10:21,16:31,16:27,4,384,4.5,389,0,370
UAL,354,1,SAN,DEN,A320,15:20,20:48,21:13,25,18:35,0:04,23:58,6,328,14.5,343,0.4,329
UAL,471,1,SAT,DEN,A319,11:28,11:25,11:35,10,12:46,12:33,12:27,6,0,1.1,0,0.4,0
UAL,1292,1,SEA,DEN,B739,5:20,5:27,5:38,11,8:50,8:49,8:42,7,7,0.2,7,1.4,0
UAL,386,1,SEA,DEN,A320,7:28,7:31,7:41,10,11:03,10:56,10:48,8,3,0,2,2.4,0
UAL,1481,1,SEA,DEN,B739,10:49,11:14,11:31,17,14:22,14:40,14:34,6,25,6.2,31,0.4,18
UAL,832,1,SEA,DEN,A320,17:45,18:08,18:20,12,21:20,21:27,21:20,7,23,1.2,24,1.4,7
UAL,80,1,SEA,DEN,B739,15:21,21:00,21:11,11,18:57,0:17,0:10,7,339,0.2,339,1.4,320
UAL,363,1,SFO,DEN,B752,6:15,6:14,6:32,18,9:45,9:36,9:29,7,0,4.2,3,1.4,0
UAL,776,1,SFO,DEN,A320,5:25,6:25,6:53,28,8:57,9:57,9:50,7,60,14.2,74,1.4,60
UAL,1492,1,SFO,DEN,B737,8:39,8:56,9:15,19,12:03,12:22,12:15,7,17,5.2,22,1.4,19
UAL,1247,1,SFO,DEN,B738,10:57,11:28,11:56,28,14:26,15:09,15:02,7,31,14.2,45,1.4,43
UAL,454,1,SFO,DEN,A320,11:50,12:13,12:35,22,15:19,15:46,15:37,9,23,8.2,31,3.4,27
UAL,671,1,SFO,DEN,B752,13:07,13:38,14:00,22,16:40,17:28,17:21,7,31,8.2,39,1.4,48
UAL,1529,1,SFO,DEN,B753,14:14,14:22,14:48,26,17:41,17:57,17:48,9,8,12.2,20,3.4,16
UAL,318,1,SFO,DEN,B752,16:12,16:28,16:43,15,19:43,19:49,19:42,7,16,1.2,17,1.4,6
UAL,482,1,SFO,DEN,A319,19:30,20:13,20:40,27,22:51,23:45,23:35,10,43,13.2,56,4.4,54
UAL,349,1,SFO,DEN,A320,18:26,20:27,20:43,16,21:58,23:46,23:38,8,121,2.2,123,2.4,108
UAL,1625,1,SJC,DEN,B738,6:52,6:44,6:56,12,10:20,10:22,9:58,24,0,1.5,0,18.4,2
UAL,377,1,SJC,DEN,A320,13:30,13:20,13:34,14,16:58,16:43,16:36,7,0,3.5,0,1.4,0
UAL,1659,1,SMF,DEN,B739,5:44,5:48,6:00,12,9:00,9:05,8:57,8,4,2.4,6,2.4,5
UAL,634,1,SMF,DEN,A319,13:33,16:46,16:56,10,16:48,20:03,19:54,9,193,0.4,193,3.4,195
UAL,316,1,SNA,DEN,A320,7:05,7:02,7:11,9,10:27,10:21,9:58,23,0,0,0,17.4,0
UAL,684,1,SNA,DEN,A319,11:14,11:20,11:29,9,14:29,14:21,14:14,7,6,0,4,1.4,0
UAL,332,1,SNA,DEN,A320,17:48,17:48,18:01,13,21:03,20:57,20:51,6,0,1.8,2,0.4,0
UAL,388,1,TPA,DEN,A320,8:27,8:26,8:38,12,10:18,10:11,10:04,7,0,1.8,1,1.4,0
UAL,579,1,TUL,DEN,A319,9:34,9:37,9:46,9,10:22,10:16,10:07,9,3,0,1,3.4,0
USA,525,1,CLT,DEN,A321,7:45,7:42,8:00,18,9:18,9:04,8:57,7,0,6.4,3,0.6,0
USA,485,1,CLT,DEN,A321,9:25,9:39,9:57,18,10:55,11:28,11:20,8,14,6.4,20,1.6,33
USA,487,1,CLT,DEN,A321,11:55,11:52,12:06,14,13:27,13:13,13:06,7,0,2.4,0,0.6,0
USA,529,1,CLT,DEN,A321,18:25,18:22,18:41,19,20:01,20:08,19:59,9,0,7.4,4,2.6,7
USA,531,1,CLT,DEN,A321,20:15,21:10,21:28,18,21:47,23:00,22:39,21,55,6.4,61,14.6,73
USA,521,1,CLT,DEN,A320,22:11,22:31,22:47,16,23:37,0:17,0:05,12,20,4.4,24,5.6,40
USA,520,0,DEN,CLT,A320,0:59,0:55,1:13,18,5:59,5:53,5:47,6,0,5.4,1,1.4,0
USA,710,0,DEN,CLT,A321,6:45,6:41,7:00,19,11:58,11:57,11:45,12,0,6.4,2,7.4,0
USA,182,0,DEN,CLT,A321,8:15,8:09,8:30,21,13:24,13:21,13:10,11,0,8.4,2,6.4,0
USA,140,0,DEN,CLT,A321,10:20,10:20,10:38,18,15:32,15:24,15:15,9,0,5.4,5,4.4,0
USA,484,0,DEN,CLT,A321,11:59,12:08,12:27,19,17:09,17:18,17:08,10,9,6.4,15,5.4,9
USA,306,0,DEN,CLT,A321,16:00,16:01,16:16,15,21:09,21:20,21:15,5,1,2.4,3,0.4,11
USA,992,0,DEN,PHL,A320,0:45,0:44,1:02,18,6:04,6:12,6:05,7,0,5.4,4,2.6,8
USA,950,0,DEN,PHL,A321,7:10,7:05,7:16,11,12:40,12:31,12:28,3,0,0,0,0,0
USA,714,0,DEN,PHL,A321,11:05,10:58,11:17,19,16:42,16:48,16:43,5,0,6.4,0,0.6,6
USA,641,0,DEN,PHX,A319,5:55,5:50,6:05,15,6:47,6:38,6:28,10,0,2.4,0,5.4,0
USA,501,0,DEN,PHX,A321,7:55,7:50,8:04,14,9:10,9:25,8:33,52,0,1.4,0,47.4,15
USA,29,0,DEN,PHX,A320,12:12,12:09,12:27,18,13:00,13:06,12:55,11,0,5.4,2,6.4,6
USA,409,0,DEN,PHX,A321,14:45,14:39,14:55,16,15:33,15:31,15:25,6,0,3.4,0,1.4,0
USA,491,0,DEN,PHX,A320,18:20,18:27,18:37,10,19:13,19:10,19:04,6,7,0,4,1.4,0
USA,991,1,PHL,DEN,A321,7:45,7:40,8:08,28,9:52,9:48,9:41,7,0,12.7,8,0.6,0
USA,715,1,PHL,DEN,A321,18:10,18:30,19:21,51,20:30,21:04,20:53,11,20,35.7,56,4.6,34
USA,993,1,PHL,DEN,A320,20:45,20:40,20:57,17,22:54,22:45,22:35,10,0,1.7,0,3.6,0
USA,496,1,PHX,DEN,A319,21:45,21:46,21:57,11,0:25,0:22,0:13,9,1,0,0,2.6,0
USA,486,1,PHX,DEN,A320,8:45,8:41,9:01,20,11:32,11:32,11:22,10,0,8.1,4,3.6,0
USA,488,1,PHX,DEN,A321,12:20,12:25,12:40,15,15:08,15:14,15:08,6,5,3.1,8,0,6
USA,490,1,PHX,DEN,A320,14:55,14:53,15:05,12,17:38,17:46,17:38,8,0,0.1,0,1.6,8
USA,504,1,PHX,DEN,A321,18:45,18:37,18:56,19,21:31,21:25,21:18,7,0,7.1,0,0.6,0
